,y probs
0,0.10311575737462816
1,0.0797145711125491
2,0.09158903828587131
3,0.5294340352970481
4,0.15314987037886493
5,0.12444579041056504
6,0.10536319024468722
7,0.5392343616031313
8,0.5003606094366984
9,0.15462121367329482
10,0.16255681263976293
11,0.4838438506415281
12,0.5085920571640163
13,0.6136061172210728
14,0.08507178884707155
15,0.19118146132979538
16,0.14694335918675222
17,0.38295826439173336
18,0.22167580941922302
19,0.08799806496500272
20,0.23575090266552282
21,0.3740752656310594
22,0.613363331079266
23,0.4018051321839437
24,0.22105936567189277
25,0.1120619335882876
26,0.11425440058841282
27,0.22008873108190277
28,0.6553654335057988
29,0.21463768158251692
30,0.1129559110458611
31,0.18580510801518713
32,0.5901524510823081
33,0.1299857394005189
34,0.2115145560880974
35,0.5028864940056572
36,0.2653185258008427
37,0.682908777094861
38,0.07555306361838882
39,0.17109300298043797
40,0.41273390618714667
41,0.5502410809620699
42,0.10357513507694743
43,0.24767430300572213
44,0.5763551434182465
45,0.5864842454478469
46,0.10414202636735777
47,0.12924140887427804
48,0.5700675299973113
49,0.14531947847069956
50,0.10751636179732384
51,0.10751636179732384
52,0.6504274984095115
53,0.7129919700826851
54,0.27550491554937373
55,0.5681066008683371
56,0.31672063544460466
57,0.3824776282770575
58,0.1212103166712454
59,0.08558183757153674
60,0.11146439292169694
61,0.18761019953009642
62,0.08801132616225091
63,0.4199806827646489
64,0.6598743274861757
65,0.6758607492112106
66,0.23098890303479436
67,0.08895244502297915
68,0.2580000422787043
69,0.09895947100261906
70,0.5258539176362151
71,0.5767305827722622
72,0.3251907232524251
73,0.08977970743901756
74,0.11286778558851521
75,0.08438468371570183
76,0.2653185258008427
77,0.0871461966330615
78,0.1996368419005337
79,0.6038667098316001
80,0.2447649833049869
81,0.1776604548174813
82,0.514951034086259
83,0.17089858500841298
84,0.24422665174494015
85,0.13738340021923234
86,0.10510745075703055
87,0.18478819853690973
88,0.2457152345266613
89,0.09602763883751403
90,0.10201712754386395
91,0.12264945642771273
92,0.5961361411539651
93,0.25111755601624997
94,0.11300461704790703
95,0.0892207775864875
96,0.08816298756004957
97,0.11759135304895427
98,0.16873105282427378
99,0.5650887856321664
100,0.15376876175565152
101,0.5028864940056572
102,0.12153595434511645
103,0.1854020397382848
104,0.20541194303982505
105,0.08802728336821095
106,0.08050295694490844
107,0.10767161392785159
108,0.19873723815970798
109,0.5206106203011279
110,0.10091125115674528
111,0.12138383107712511
112,0.11816671364973971
113,0.5671266764254385
114,0.23862593441402588
115,0.2571061804695962
116,0.21697401676917
117,0.3510470120230539
118,0.6995383234513238
119,0.11552662611066326
120,0.0882396996701085
121,0.07529427986279463
122,0.10750557106236037
123,0.5882715684332854
124,0.2281683487916911
125,0.5426891897771245
126,0.16087374414326697
127,0.16950934297375456
128,0.08863320583514415
129,0.13222921658912318
130,0.09760917197065026
131,0.11880552875333378
132,0.11007792324031825
133,0.1184309005133988
134,0.11903893416678657
135,0.4621483910027447
136,0.360845486469929
137,0.601838761515057
138,0.4883394028738644
139,0.18537349323550556
140,0.19331710136263155
141,0.10999895814071971
142,0.56291060740117
143,0.12497231039083934
144,0.08406210758334906
145,0.5853392413331409
146,0.5778106779236075
147,0.17308370858665068
148,0.2653185258008427
149,0.11021631482590809
150,0.08789037170435622
151,0.18053955086333853
152,0.10591340025755487
153,0.3743650539793294
154,0.13018450871492493
155,0.08034097008172034
156,0.09687268508754994
157,0.12365395057318368
158,0.14528942690864993
159,0.44917311197717513
160,0.11110465942060958
161,0.09353522020937396
162,0.12685708262667944
163,0.1164881004038049
164,0.09816443160072665
165,0.11793171721767634
166,0.5460753995501316
167,0.5646758920511122
168,0.5515206024084448
169,0.6469624334005568
170,0.10892822350906847
171,0.15280106543315844
172,0.6125493487353387
173,0.12152650751431816
174,0.14028446125761712
175,0.09601748395432022
176,0.08836849911117023
177,0.5060957931671631
178,0.1171236878042539
179,0.25111755601624997
180,0.48000982061305325
181,0.12916855520739193
182,0.145131261373106
183,0.19423966179762608
184,0.5398906352637352
185,0.6092645303915527
186,0.32152949982818413
187,0.5411499289625546
188,0.5028864940056572
189,0.18466784232705996
190,0.19919981698023434
191,0.08258454358178982
192,0.4838438506415281
193,0.21079648359571257
194,0.12824776506733696
195,0.0903822414707179
196,0.2870213070138198
197,0.10856858274242003
198,0.10892036071102876
199,0.10433531098969957
200,0.0768860651798489
201,0.10276781067996484
202,0.09188483451142217
203,0.16247236348461186
204,0.5774758776454376
205,0.5735596763150641
206,0.10526177049460562
207,0.11093458398934022
208,0.4979400800004906
209,0.3624328049520439
210,0.515143120908964
211,0.5353282199348254
212,0.15269842366938535
213,0.07039520466621725
214,0.4505562793704717
215,0.5821561515355512
216,0.221394369651016
217,0.571875460531351
218,0.17077850611104475
219,0.3659626058585158
220,0.12379748226675957
221,0.13731630210276907
222,0.12035956014509509
223,0.13132167819889606
224,0.561864922902655
225,0.409902131645576
226,0.18545321438879875
227,0.16901945507618799
228,0.30458493243423806
229,0.13797843709929447
230,0.5522171571714444
231,0.08507178884707155
232,0.11782902150637374
233,0.10327672705814167
234,0.08430612581384085
235,0.1126968763108432
236,0.2192826800824013
237,0.14502819234287007
238,0.10280185770533727
239,0.5389038932239323
240,0.10377831674453049
241,0.4838438506415281
242,0.0770079483931275
243,0.10779125061885217
244,0.612962421730535
245,0.1937751099138702
246,0.5384293580034689
247,0.3163201530139223
248,0.11146439292169694
249,0.11016262396354753
250,0.13701122703866525
251,0.6332960100625322
252,0.6377672213173735
253,0.08906740159294117
254,0.5420651785777257
255,0.5904258526190151
256,0.25429302854429275
257,0.6523692012842116
258,0.2278353153474663
259,0.10511353944589334
260,0.49157233579940723
261,0.08004775186354648
262,0.5162245847091839
263,0.46356297924732465
264,0.1537360473457024
265,0.582315010751183
266,0.16311650472868777
267,0.24209832827674868
268,0.5351072119920693
269,0.11122510814549187
270,0.5605108489709371
271,0.12173100520996716
272,0.27544269995556536
273,0.1279645523647038
274,0.11016262396354753
275,0.09670375645749288
276,0.08414230180553685
277,0.6141151499511477
278,0.18628685915477236
279,0.24130239888447566
280,0.5720371602100128
281,0.30251306076423395
282,0.5334329365011048
283,0.5040743100927723
284,0.24354219246238404
285,0.0820915005175656
286,0.0821423256470783
287,0.11622671898968544
288,0.5245057713738378
289,0.5353255849779711
290,0.5778106779236075
291,0.5536555541254136
292,0.1439042493628846
293,0.6171460581692454
294,0.6608150983381342
295,0.32381337363992746
296,0.12662804039876951
297,0.13312327692873197
298,0.18517222236467093
299,0.15002072340820563
300,0.11425440058841282
301,0.103309358546124
302,0.4003215467694092
303,0.15727495609409178
304,0.13004444186106615
305,0.5965766867011439
306,0.1068086298905102
307,0.32381337363992746
308,0.5591960743146742
309,0.09049708990502156
310,0.56926878449283
311,0.13537787311677996
312,0.10420054498400823
313,0.6964376757211244
314,0.46098375739466974
315,0.09674405033365914
316,0.2871086013310405
317,0.15341170258912268
318,0.3386793095474199
319,0.10783341458675573
320,0.5345982136877309
321,0.5600515776320087
322,0.5365773341705188
323,0.5319431444189404
324,0.454354224639534
325,0.07485483916951109
326,0.18455562710086984
327,0.11302409539905249
328,0.1233793836095991
329,0.5950273937741338
330,0.4838438506415281
331,0.1312061619462612
332,0.08848823930845261
333,0.09232621581226545
334,0.0963787182581044
335,0.13332847727085267
336,0.09073160427943941
337,0.38489108576358283
338,0.19914165053632313
339,0.5430613892763497
340,0.14380554647751845
341,0.3577510381486123
342,0.06959576625449214
343,0.08968008527098034
344,0.5827698735519782
345,0.6758607492112106
346,0.5199471164898112
347,0.12477212709307216
348,0.10382940890672673
349,0.26968446652712885
350,0.14711901054904894
351,0.17374261941621047
352,0.5076588111890084
353,0.149485957705398
354,0.13605731528443882
355,0.4625189179348888
356,0.1499535250913875
357,0.5641853131700773
358,0.12811699572885357
359,0.10536319024468722
360,0.13207235504021203
361,0.10894314275605192
362,0.24102912714282582
363,0.5547571384916993
364,0.10640900700909424
365,0.1330740771053752
366,0.5867220594661954
367,0.10964002708332347
368,0.2295641209393356
369,0.14230962293148597
370,0.5524913825484975
371,0.16357351616698496
372,0.14040107038559863
373,0.27544269995556536
374,0.66176287260857
375,0.09438249678076226
376,0.31822933954767146
377,0.08231137154826233
378,0.5969310589121369
379,0.611198244397387
380,0.453215789767787
381,0.5788660296486882
382,0.11177116393503399
383,0.5367306454298455
384,0.10810395934908694
385,0.13812064757975204
386,0.11646530430127303
387,0.11938437620580096
388,0.1283239457635635
389,0.12000729809167372
390,0.08521563269667738
391,0.08647399955848831
392,0.13985283844294646
393,0.5640985694983783
394,0.10530365991846545
395,0.11036934772058296
396,0.13370478474942318
397,0.09192844848181228
398,0.24190425763531256
399,0.5258421586395616
400,0.1085866686277654
401,0.17047940495417044
402,0.06897663147128287
403,0.5203562040317489
404,0.09602774533070237
405,0.08664030109616751
406,0.1093332438998331
407,0.2682985073850569
408,0.12056348626409803
409,0.21463768158251692
410,0.2050473309313245
411,0.11572448780813543
412,0.1023107615159639
413,0.40402256973276046
414,0.19514597798755023
415,0.08303475379954003
416,0.3911456254952865
417,0.4838438506415281
418,0.3946160630029755
419,0.39896750978173584
420,0.3897095216973582
421,0.373933685295967
422,0.16334171353233262
423,0.21722009124775749
424,0.17524172088804274
425,0.11726264201124607
426,0.1167650843490966
427,0.5654601223309265
428,0.3252388367305256
429,0.5936452205679453
430,0.1800037339666104
431,0.15106737755105695
432,0.25037412342506304
433,0.5654601223309265
434,0.22626492677704396
435,0.25805036376694895
436,0.10353882899689379
437,0.543082331787243
438,0.49334499339966176
439,0.23754712861490426
440,0.14882270602842296
441,0.5531324067866153
442,0.12969196760117355
443,0.08469979310402823
444,0.09021213961051339
445,0.5369762568736848
446,0.08246667293026953
447,0.1573881701489686
448,0.18763985737891245
449,0.45495108836457393
450,0.5868464690517631
451,0.24370028420593884
452,0.45089126386692546
453,0.35450828219740216
454,0.10744716059415856
455,0.22504033296277284
456,0.11504480726936962
457,0.11770395072633963
458,0.12654912674506597
459,0.3432387643237602
460,0.34271821135299546
461,0.5554199722699688
462,0.5611912143928212
463,0.08603500707844937
464,0.5459147218207475
465,0.6151468899843775
466,0.09532473287573649
467,0.19601726518432167
468,0.5627751869291325
469,0.1919075678504731
470,0.4411116839213257
471,0.3053193021088061
472,0.594829966547158
473,0.6287369700345512
474,0.09439275190377683
475,0.24382135956917975
476,0.5368119214468662
477,0.09757306443601135
478,0.10315339269229157
479,0.22167580941922302
480,0.10712732654986239
481,0.08339682259839182
482,0.5371752811780581
483,0.699597893976505
484,0.10173188715728688
485,0.5830993288404238
486,0.6004127035230014
487,0.5760889725032606
488,0.12582856917586696
489,0.5839209325785297
490,0.18064516973828637
491,0.08869141945717991
492,0.10526251880818073
493,0.22190023634441536
494,0.5800381405332737
495,0.1619178549425224
496,0.1098319260269527
497,0.13207235504021203
498,0.18564363831477787
499,0.20654322437306
500,0.13189619873585837
501,0.33607042138707743
502,0.22759231651540876
503,0.5670738421022493
504,0.0891881115716895
505,0.10066778786675522
506,0.5561241639396867
507,0.5472818965775713
508,0.1627607623613632
509,0.09329061365298469
510,0.08009993770685157
511,0.6021529482056583
512,0.6105578815462767
513,0.1247249765826396
514,0.2329940582416379
515,0.08977000030188688
516,0.1302031418671633
517,0.09879440650039736
518,0.07962164931243193
519,0.13333860195561625
520,0.21392643157176713
521,0.5902108387115576
522,0.09159046301016989
523,0.21006813000466246
524,0.5061268792496363
525,0.5786050089573355
526,0.12705832352139462
527,0.12576869224876971
528,0.09414854619640324
529,0.08544755462456771
530,0.09506132577234759
531,0.11641318017129172
532,0.2203123515076038
533,0.106777489609874
534,0.5172936415197126
535,0.10822211064452343
536,0.19780917522134925
537,0.6167842316735739
538,0.09644878724193529
539,0.11015080581586555
540,0.10201712754386395
541,0.5866062812680782
542,0.12306812296913887
543,0.16433798275716585
544,0.12028915702184664
545,0.07016227000541848
546,0.5591960743146742
547,0.33984323912045655
548,0.10105465744836242
549,0.09289020367525327
550,0.41587639921609176
551,0.5119259420067566
552,0.22063241444413179
553,0.09743052548482177
554,0.346579227124872
555,0.1357949052370834
556,0.12355646479617059
557,0.13013205930855837
558,0.12779374533117707
559,0.18408944433121877
560,0.2588324338332107
561,0.08252427058411618
562,0.21166617297635484
563,0.5339719102977252
564,0.17515746218388134
565,0.5028864940056572
566,0.13955655704115724
567,0.5901524510823081
568,0.12150284570855895
569,0.31672063544460466
570,0.1634497873224066
571,0.4602237952976745
572,0.11881222722966135
573,0.14359377241842033
574,0.11177116393503399
575,0.3355974468880238
576,0.4628269877289933
577,0.11653168113611773
578,0.13155513164471683
579,0.5807469366765502
580,0.5802640202968107
581,0.6350755658031126
582,0.13880634374297957
583,0.15684730302334138
584,0.18562208887244738
585,0.5524369567590999
586,0.4628269877289933
587,0.08092118145320804
588,0.09595167815430523
589,0.17662535150987485
590,0.0726920445664017
591,0.46825410653435984
592,0.09019312652649773
593,0.5513705556368471
594,0.2345442409488568
595,0.17216424314110243
596,0.18455562710086984
597,0.07802281856844615
598,0.10161718257833871
599,0.6086592232653779
600,0.09626070233150712
601,0.5732472465950343
602,0.2878351688557644
603,0.15158389600089425
604,0.10037058380197102
605,0.13194399733527634
606,0.6824897842409292
607,0.07451230669370129
608,0.09914433827376015
609,0.5212550074187688
610,0.09630422058713296
611,0.11283153784083054
612,0.47941124109041344
613,0.542912354461084
614,0.11617087583048269
615,0.14368892903892036
616,0.09453264693638408
617,0.11110465942060958
618,0.11938689513486425
619,0.1539574080938321
620,0.34271821135299546
621,0.09549833145803355
622,0.32212058357343165
623,0.11507909893166156
624,0.07290167156567277
625,0.22282335270071055
626,0.5671132895543293
627,0.515286503867599
628,0.11790460274732104
629,0.1764461664626429
630,0.13875843760950196
631,0.6542675455580802
632,0.17298226839711459
633,0.14225788327275563
634,0.09477817083322924
635,0.25007604629684554
636,0.7718638859922835
637,0.22622778739844468
638,0.19890927781694448
639,0.11739916393938438
640,0.4600937088725212
641,0.633951969604832
642,0.1167650843490966
643,0.09237053115736625
644,0.572410418257038
645,0.10099496203494593
646,0.496961883718729
647,0.17850997801640375
648,0.15643909033837128
649,0.2211972815169324
650,0.5502341016889731
651,0.33607042138707743
652,0.14940710194560075
653,0.08239389741825155
654,0.1293619914885111
655,0.1274801404639371
656,0.1718606899876006
657,0.21223993769242575
658,0.29931341850519005
659,0.14763487226339492
660,0.10751636179732384
661,0.09049338371463715
662,0.5745362221589916
663,0.27544269995556536
664,0.3432387643237602
665,0.11008609109217266
666,0.12923225905191335
667,0.0989473734795547
668,0.4827659651089014
669,0.08043845902225062
670,0.564173544042236
671,0.10768393963822522
672,0.24067385143119577
673,0.06995561406402429
674,0.611198244397387
675,0.11016262396354753
676,0.5179115059759704
677,0.08707883873211548
678,0.662128666302856
679,0.1674005207295964
680,0.1783252127659106
681,0.613363331079266
682,0.12193027929852923
683,0.2028241593205062
684,0.26179824248365385
685,0.486681231566485
686,0.08239389741825155
687,0.5525492250259444
688,0.11790436880522334
689,0.08616906287068904
690,0.4719371746346189
691,0.5227417348540083
692,0.1676926286236277
693,0.09687268508754994
694,0.1759857723014493
695,0.07546152219737351
696,0.11016262396354753
697,0.08069326956776969
698,0.0761706355380081
699,0.09088650809801295
700,0.07958684826875059
701,0.12952588999992948
702,0.5426891897771245
703,0.1047309588345944
704,0.1167650843490966
705,0.17025856645001552
706,0.09537144754801662
707,0.1244521610615633
708,0.13668663638898995
709,0.09807341895394647
710,0.44412171736614164
711,0.11016262396354753
712,0.5493908365515848
713,0.33222120533201793
714,0.13882292698968576
715,0.28235720031188977
716,0.6128690884766098
717,0.47937920754372865
718,0.1167650843490966
719,0.11552662611066326
720,0.11129154799354261
721,0.1216801506936302
722,0.0961424798115036
723,0.15411218364324875
724,0.12107355931088912
725,0.1429561319359531
726,0.5180964606473387
727,0.400452056693681
728,0.09732599229359083
729,0.5284437083804658
730,0.22037272943558334
731,0.3911456254952865
732,0.18777023532860648
733,0.102552655092875
734,0.5548936726360398
735,0.5372128249325512
736,0.10095424805392485
737,0.07470399990497852
738,0.4774330918687653
739,0.5850972035593845
740,0.11110465942060958
741,0.6004127035230014
742,0.09641990668283876
743,0.33943707968395376
744,0.25037412342506304
745,0.1539800709430884
746,0.629972953050755
747,0.13421187433207057
748,0.10417995841550323
749,0.11584578286208105
750,0.12136535242705655
751,0.14839047312856093
752,0.5864842454478469
753,0.582282370842297
754,0.56926878449283
755,0.147762497588041
756,0.3602622253939826
757,0.07638715154455647
758,0.09822329853689941
759,0.1200068235210851
760,0.1152053021671395
761,0.5858596096539551
762,0.4855409172077133
763,0.524715300706781
764,0.25078951166055696
765,0.5171983941181345
766,0.07344569581679929
767,0.5882137529279112
768,0.11827346713481297
769,0.1654751617612548
770,0.17511616262577884
771,0.12459067701502886
772,0.09616619329793964
773,0.0990896632226595
774,0.10539541023398359
775,0.22087247972400983
776,0.0867550879622098
777,0.08957925743022298
778,0.10995743220639119
779,0.6116173727589848
780,0.1774110924756091
781,0.11839697040064193
782,0.11072524303519746
783,0.5625577754975303
784,0.13812064757975204
785,0.6654101836635589
786,0.6294907553690711
787,0.12923212767268732
788,0.09862056362833087
789,0.5386267405452246
790,0.520656438996775
791,0.6332960100625322
792,0.09184508915975051
793,0.11235266426158894
794,0.07689394887940684
795,0.0797080368039743
796,0.219557178411963
797,0.11611378898735422
798,0.19265718901903828
799,0.6353421311440576
800,0.09850985879225979
801,0.08378395520681915
802,0.07958684826875059
803,0.5593030497133148
804,0.10133818506105366
805,0.31611461978422883
806,0.1620255539664762
807,0.07751942975469278
808,0.12343292237415218
809,0.6004127035230014
810,0.22671222906892705
811,0.5374825446655672
812,0.09448506293408195
813,0.1734071508340864
814,0.1263248627127779
815,0.16422664337904316
816,0.13311257689059786
817,0.5502341016889731
818,0.5488904670568823
819,0.5028864940056572
820,0.5381276163381067
821,0.1554767300811941
822,0.5555138762371592
823,0.0799797719777102
824,0.12683173562662792
825,0.5776858576412109
826,0.2041208970726623
827,0.5681357247600153
828,0.3157039388348083
829,0.5513705556368471
830,0.0940076724715942
831,0.1167650843490966
832,0.19113124691896688
833,0.3939196472738111
834,0.11961540913093714
835,0.15549630310012927
836,0.08470679480812374
837,0.08986147971378416
838,0.15966259881317557
839,0.5682520648427185
840,0.5716079074615796
841,0.1167650843490966
842,0.1077971619380912
843,0.10601009616452832
844,0.152841694789937
845,0.19031164581558593
846,0.11286778558851521
847,0.31187825990562146
848,0.17017782482608787
849,0.5326941450273054
850,0.07644683308683389
851,0.5654601223309265
852,0.09425393215472644
853,0.45671687826236046
854,0.10754375399811106
855,0.496961883718729
856,0.21238613517883126
857,0.5473702750058324
858,0.5083487054097834
859,0.21022023927110958
860,0.15601168256417117
861,0.08977970743901756
862,0.1314244430771387
863,0.09910089651032901
864,0.08838027223941883
865,0.08897180636676764
866,0.16359323713431712
867,0.17632014156250178
868,0.10751636179732384
869,0.3307814310348273
870,0.1152053021671395
871,0.10945979300560064
872,0.10787333764546743
873,0.12879607424861675
874,0.5901524510823081
875,0.09734757917944067
876,0.5252257077883329
877,0.11312402123406937
878,0.20240904683691652
879,0.7259357080859516
880,0.20240904683691652
881,0.09625888822455761
882,0.14702186209577914
883,0.7556285918746364
884,0.11331611363677836
885,0.5284437083804658
886,0.10378828574626
887,0.3229099512132345
888,0.2454766616814049
889,0.0914584201265122
890,0.3514439806875513
891,0.5511016533303099
892,0.4909558809730442
893,0.5456008489128248
894,0.11016262396354753
895,0.14067023678927484
896,0.7556285918746364
897,0.24936319329470163
898,0.09272438308148039
899,0.4609732523767203
900,0.1167650843490966
901,0.10719856557057271
902,0.25174889081937646
903,0.4860557476269298
904,0.28428792238985484
905,0.2284668060073917
906,0.11736697606655248
907,0.08050459054081462
908,0.12496389575048125
909,0.11865118619683172
910,0.321380755464478
911,0.4674447928632046
912,0.0858877618555031
913,0.11144108400622894
914,0.09286730852923329
915,0.0804558679118021
916,0.10489898870924996
917,0.11122510814549187
918,0.5111688798439081
919,0.5435191511593747
920,0.10533377260709854
921,0.11016262396354753
922,0.11043655475608712
923,0.11203209755949867
924,0.594829966547158
925,0.123326860452612
926,0.22716370364887598
927,0.5115303645807887
928,0.0887289532336102
929,0.13108767616217956
930,0.2306945260933266
931,0.4260523424050465
932,0.5811480066201917
933,0.27323174520226534
934,0.1685928384030185
935,0.3448413280254593
936,0.552219595540803
937,0.12660189410196052
938,0.24715924290902816
939,0.5537586962915214
940,0.5579027024225609
941,0.1680998415805358
942,0.13203002465311733
943,0.5792246870979774
944,0.07567945568072379
945,0.5028864940056572
946,0.09752476902491798
947,0.08043845902225062
948,0.10152950522271481
949,0.09058684950001532
950,0.5714596984589727
951,0.09118778360942617
952,0.15437660669306516
953,0.10941078865693496
954,0.48773744672744945
955,0.2653185258008427
956,0.5782852608101882
957,0.19825415440018554
958,0.6486922131739729
959,0.08689237621208777
960,0.15674214888875676
961,0.1171236878042539
962,0.5121369376487592
963,0.5658838055511708
964,0.12649326165213964
965,0.12827152857957727
966,0.08182261310720904
967,0.09475371434430685
968,0.5546501963468943
969,0.08172781721696029
970,0.16675713709325876
971,0.2606633926020537
972,0.12487265755804447
973,0.33943707968395376
974,0.10353858648026311
975,0.1344583679860819
976,0.14687844247200119
977,0.5472136634801267
978,0.1202894742544711
979,0.17454257863209266
980,0.16295201471793205
981,0.6758607492112106
982,0.1382737329818643
983,0.09643047516567478
984,0.10353882899689379
985,0.18867132168300507
986,0.11641318017129172
987,0.10648810055729642
988,0.12146720328054116
989,0.18253367295640813
990,0.08568188347858398
991,0.09503619015903442
992,0.5961986877515297
993,0.515286503867599
994,0.1741428219697675
995,0.38679965058225724
996,0.6332960100625322
997,0.4505005270721918
998,0.11537072037617453
999,0.3053193021088061
1000,0.3745753338665364
1001,0.09019312652649773
1002,0.12153595434511645
1003,0.41581011204788215
1004,0.5683575885884943
1005,0.5443818033051919
1006,0.15375838427304683
1007,0.11168515060980415
1008,0.44412171736614164
1009,0.19843360946890437
1010,0.5328279453365465
1011,0.6078943731946497
1012,0.4838438506415281
1013,0.5681176723104948
1014,0.12136535242705655
1015,0.17067012639473936
1016,0.08804955251199666
1017,0.5550863589102103
1018,0.5498088877804024
1019,0.5453296734733285
1020,0.2740555939214551
1021,0.17020414375304452
1022,0.5577765632007411
1023,0.5424312691800446
1024,0.28192728119935323
1025,0.4411116839213257
1026,0.552031890175963
1027,0.10370500639101882
1028,0.46403445255491854
1029,0.3267616164174146
1030,0.14241885561974035
1031,0.08166403673329503
1032,0.11168370626671248
1033,0.5625577754975303
1034,0.5197718098703189
1035,0.09503619015903442
1036,0.27830385268664154
1037,0.18256835431248555
1038,0.6346333303427849
1039,0.09845091125679697
1040,0.27323174520226534
1041,0.219557178411963
1042,0.07864162381488214
1043,0.09138441719069897
1044,0.10307211105922962
1045,0.24925622665987696
1046,0.18699457427215205
1047,0.13537787311677996
1048,0.1167650843490966
1049,0.11162721612106347
1050,0.3267616164174146
1051,0.6067679421745821
1052,0.16516674904531395
1053,0.08722337663844425
1054,0.5430613892763497
1055,0.5681066008683371
1056,0.07097356262076501
1057,0.14272375405013177
1058,0.6062994749238922
1059,0.3078402676660216
1060,0.39349773504362767
1061,0.16094127761373497
1062,0.16839072676079986
1063,0.12839991742246915
1064,0.1645030338631696
1065,0.5475448821899636
1066,0.15905028155715806
1067,0.09546985193597782
1068,0.24354219246238404
1069,0.11234398685989612
1070,0.10067426074885023
1071,0.17638514958352725
1072,0.10695705914346774
1073,0.5958354078567568
1074,0.269332116386693
1075,0.11089919720576752
1076,0.10134983573993349
1077,0.0868611018845994
1078,0.09947686928578899
1079,0.5648681205030912
1080,0.19669051609552493
1081,0.11043655475608712
1082,0.5493931382536129
1083,0.0995577140723855
1084,0.5494345722564854
1085,0.6753175786826779
1086,0.09468173074444394
1087,0.10635394125215426
1088,0.09835159909111915
1089,0.18829607529623052
1090,0.09418328412766258
1091,0.08584409424852225
1092,0.10328683476240519
1093,0.11950544724203699
1094,0.28880603548756334
1095,0.15831737991429282
1096,0.6716445215059288
1097,0.5367306454298455
1098,0.28368028642561366
1099,0.11314530530326551
1100,0.27106421943391457
1101,0.4323479426224356
1102,0.5214663278840294
1103,0.18671167848559342
1104,0.29737782004108543
1105,0.08331831638550465
1106,0.10389020820011088
1107,0.1202368641943248
1108,0.14597757795930924
1109,0.23144162998702117
1110,0.1294361365304546
1111,0.15375838427304683
1112,0.4145514746375401
1113,0.1152053021671395
1114,0.10509774606729655
1115,0.2209739928291165
1116,0.5681503199519474
1117,0.3132923149206423
1118,0.5199471164898112
1119,0.20984037737179648
1120,0.5901524510823081
1121,0.1849630247273883
1122,0.1501721683695287
1123,0.5453296734733285
1124,0.5185551908849546
1125,0.11286778558851521
1126,0.5586692058241179
1127,0.56926878449283
1128,0.10296209201219485
1129,0.11425036371986354
1130,0.09058684950001532
1131,0.10807870673914281
1132,0.4838438506415281
1133,0.4625608549237405
1134,0.4170011019262175
1135,0.5770120434950808
1136,0.1276736906985523
1137,0.13189619873585837
1138,0.5268942071502634
1139,0.5858596096539551
1140,0.08150157709780183
1141,0.1548492869688804
1142,0.32381337363992746
1143,0.5283724342718897
1144,0.1374046672921083
1145,0.5300921122603598
1146,0.12929922593520604
1147,0.5807662635609628
1148,0.5301643227367755
1149,0.10666040868251533
1150,0.1401180114134821
1151,0.11016262396354753
1152,0.5388291957739677
1153,0.21652268757899953
1154,0.5312902598856531
1155,0.12786506000509484
1156,0.48050179031228246
1157,0.20393861466211619
1158,0.22504033296277284
1159,0.11959939265597842
1160,0.55641909059527
1161,0.5453296734733285
1162,0.12813353295737553
1163,0.14575992672727586
1164,0.5445809840400483
1165,0.13287652721176255
1166,0.5040743100927723
1167,0.14986856963450668
1168,0.1843863037863968
1169,0.09258643800859694
1170,0.11031554217120096
1171,0.6301739022167271
1172,0.11083625946298734
1173,0.48583637887863595
1174,0.1254574526081197
1175,0.12780837892941027
1176,0.19996662396471987
1177,0.42428441537045336
1178,0.1601531790740728
1179,0.16530284523891164
1180,0.103309358546124
1181,0.2749926419355345
1182,0.5332548372881649
1183,0.4634309844802974
1184,0.36842126904310535
1185,0.1912492146627783
1186,0.6160591119297723
1187,0.4838438506415281
1188,0.12745800887566225
1189,0.09693643647185347
1190,0.11706681603651589
1191,0.5374825446655672
1192,0.4806934438603862
1193,0.10758087148201952
1194,0.5748254155542372
1195,0.312273489542856
1196,0.4096417551137134
1197,0.5632726654924156
1198,0.1802965848978733
1199,0.11425440058841282
1200,0.09189537316455089
1201,0.07716244148779491
1202,0.1152155137443492
1203,0.13385124562423625
1204,0.09507199353728057
1205,0.09066105054943988
1206,0.11162721612106347
1207,0.5199471164898112
1208,0.3907496884670304
1209,0.12868570114367592
1210,0.0865117323801953
1211,0.16930296409253878
1212,0.5362013447229451
1213,0.21531170155870286
1214,0.37333478193715025
1215,0.531271086869787
1216,0.08575760647013678
1217,0.10440747370421906
1218,0.08917587448585867
1219,0.1556808251241901
1220,0.17196498428059323
1221,0.525882303962972
1222,0.1351810499089006
1223,0.08598678084031626
1224,0.15529843239620708
1225,0.13332847727085267
1226,0.1101666431755546
1227,0.17722532337012079
1228,0.5430613892763497
1229,0.5776858576412109
1230,0.1293221374708574
1231,0.3922068196734457
1232,0.3395619217303928
1233,0.10547831216810861
1234,0.5333707335801623
1235,0.11546759698454359
1236,0.11034654405532926
1237,0.16810921501994017
1238,0.5926197049714284
1239,0.10957417053452281
1240,0.35007826541237813
1241,0.12427030472770323
1242,0.22167580941922302
1243,0.5430070944281823
1244,0.08643394061042627
1245,0.56926878449283
1246,0.13299694736588255
1247,0.10751636179732384
1248,0.09346400351018584
1249,0.16087245888024498
1250,0.15738035327009534
1251,0.1212103166712454
1252,0.10237947892750635
1253,0.14268680621634988
1254,0.27323174520226534
1255,0.10249570242553395
1256,0.1697863659007916
1257,0.12303966901663237
1258,0.1037753989341305
1259,0.5854730634311344
1260,0.07385876916071536
1261,0.11903893416678657
1262,0.09746673472428528
1263,0.10533377260709854
1264,0.09084801127804701
1265,0.14822136791389973
1266,0.4056350679753316
1267,0.24397594866742225
1268,0.5253823155073047
1269,0.08428458720482804
1270,0.11337701721493634
1271,0.10996105577434186
1272,0.5547571384916993
1273,0.09483129936838829
1274,0.514951034086259
1275,0.5362144206780065
1276,0.5964452334335223
1277,0.10348666172835277
1278,0.2557008728379317
1279,0.15156994652774564
1280,0.4838438506415281
1281,0.22395188691776757
1282,0.13468554009893746
1283,0.3235566326719129
1284,0.5617034135293901
1285,0.1237756049424565
1286,0.09888940201878817
1287,0.5117659242292324
1288,0.20257272060980222
1289,0.0941962425045213
1290,0.09646203920094602
1291,0.12472720546924522
1292,0.17313254264286124
1293,0.14393739266612496
1294,0.5199471164898112
1295,0.08821992525706045
1296,0.11016262396354753
1297,0.22181662226854054
1298,0.27544269995556536
1299,0.14566938226273315
1300,0.13319906947924556
1301,0.11043655475608712
1302,0.1245448109496389
1303,0.116140701381385
1304,0.5183546293479688
1305,0.12622311785178808
1306,0.2790321633512345
1307,0.10024293229689321
1308,0.1299684002475253
1309,0.14393739266612496
1310,0.10227642673993305
1311,0.1619974052149882
1312,0.5388548337471689
1313,0.4037723889202735
1314,0.5839885626431213
1315,0.5078128179569369
1316,0.103309358546124
1317,0.20267529558654024
1318,0.1355331095240277
1319,0.11016262396354753
1320,0.11360556637163068
1321,0.42709960078539944
1322,0.4037618682967261
1323,0.21736241239811677
1324,0.1480747762243845
1325,0.20210672366601154
1326,0.0905945359073306
1327,0.19377992190533358
1328,0.3432387643237602
1329,0.3936322319295041
1330,0.5893557483430348
1331,0.09892817574372019
1332,0.49201702477742243
1333,0.5071369322523182
1334,0.5830993288404238
1335,0.5468736542339585
1336,0.5199471164898112
1337,0.13349169438887384
1338,0.19133903701931976
1339,0.16793007540724025
1340,0.5043470537801006
1341,0.5484429394322149
1342,0.48107225116683827
1343,0.1065239938698277
1344,0.07546152219737351
1345,0.5453296734733285
1346,0.41264777612738085
1347,0.09233180120897755
1348,0.5028864940056572
1349,0.20344253559806988
1350,0.11717552135448028
1351,0.27159440068111246
1352,0.06035236789061562
1353,0.09882117598479558
1354,0.6053206737042438
1355,0.08512068242006847
1356,0.5676444391621491
1357,0.10191131425503826
1358,0.465646312580658
1359,0.429104866654601
1360,0.13236776319761984
1361,0.5567233580816243
1362,0.10427802485813716
1363,0.5438464736256331
1364,0.08430108769886162
1365,0.12110395766334592
1366,0.1602343339573048
1367,0.07306365842886088
1368,0.5424312691800446
1369,0.10302175445251639
1370,0.14963744806696236
1371,0.20154052912912518
1372,0.12913350125165846
1373,0.09829961747863496
1374,0.5296240487703011
1375,0.6504558301216019
1376,0.543170510956871
1377,0.19873047646488565
1378,0.13309565693871642
1379,0.17420504038981952
1380,0.21883141473951
1381,0.16166372830580836
1382,0.47976747832784017
1383,0.5356608678163697
1384,0.12583049728799744
1385,0.08203348908813274
1386,0.22871704772804508
1387,0.08959404796037072
1388,0.1321892137287435
1389,0.35624746182962747
1390,0.08986147971378416
1391,0.5940374577447121
1392,0.15105202706555076
1393,0.10416211562161175
1394,0.623590448868574
1395,0.5460582928636412
1396,0.5568902095328357
1397,0.11438013176715603
1398,0.1683953509362461
1399,0.09084801127804701
1400,0.28880603548756334
1401,0.08139473345173795
1402,0.09342068454046797
1403,0.1164658979730501
1404,0.17216754735589157
1405,0.5777761579362544
1406,0.28880603548756334
1407,0.5899883834081695
1408,0.11389233226716099
1409,0.12119027842808908
1410,0.1485911679690637
1411,0.16994489110392838
1412,0.14700603584149657
1413,0.06153852165445973
1414,0.14603443698354124
1415,0.10134600926650573
1416,0.6742364669809982
1417,0.1358300239511411
1418,0.5199471164898112
1419,0.5445691760607294
1420,0.561797347600436
1421,0.15369560497521487
1422,0.3395619217303928
1423,0.20454451935187937
1424,0.5644479463557485
1425,0.19353298233416288
1426,0.18763352248947832
1427,0.12966080138727662
1428,0.09676820594173914
1429,0.45579158904010975
1430,0.09759286367314184
1431,0.4838438506415281
1432,0.0999007410740969
1433,0.10998728962536967
1434,0.678379750813482
1435,0.16888713788751242
1436,0.1393076006084318
1437,0.6187663740595448
1438,0.5490463266195931
1439,0.2841401531747628
1440,0.40698786273676457
1441,0.2605971702045512
1442,0.5512074228394145
1443,0.22764687911596912
1444,0.11016262396354753
1445,0.34204327277504853
1446,0.42684412165322916
1447,0.1106402291564829
1448,0.1551753647845242
1449,0.6574747934742151
1450,0.5364833922691886
1451,0.15828366425978893
1452,0.12056924604019065
1453,0.3618650539793294
1454,0.3526230022805341
1455,0.12631420427039114
1456,0.08366628309880023
1457,0.12406014464604447
1458,0.28880603548756334
1459,0.11492428723864645
1460,0.11815306738659502
1461,0.3239582814161245
1462,0.12264945642771273
1463,0.16876270252536432
1464,0.3907496884670304
1465,0.08850088127351294
1466,0.6244100410418536
1467,0.2501909353910601
1468,0.10511353944589334
1469,0.1676926286236277
1470,0.5453296734733285
1471,0.4838438506415281
1472,0.21604895475378194
1473,0.18372505224360047
1474,0.09248313007154031
1475,0.2790321633512345
1476,0.5426891897771245
1477,0.1806553027941266
1478,0.24259120058863443
1479,0.10987168744815037
1480,0.15552761353833697
1481,0.143426558418017
1482,0.6006601691524206
1483,0.13153113310938203
1484,0.10991376744036262
1485,0.15829759304161675
1486,0.10712732654986239
1487,0.08982410733214567
1488,0.12391692363243556
1489,0.12523834376772475
1490,0.07451230669370129
1491,0.5513705556368471
1492,0.19119285696357566
1493,0.5531393241386553
1494,0.49663938092814053
1495,0.2633448147001163
1496,0.1650725468797222
1497,0.06594320942861646
1498,0.10800590470783496
1499,0.582969567363715
1500,0.2625926055446893
1501,0.19378808270716708
1502,0.10296209201219485
1503,0.5253823155073047
1504,0.11277344229940764
1505,0.15594445459453343
1506,0.12102185860317581
1507,0.1775522527349613
1508,0.08384283456284515
1509,0.5505010456811996
1510,0.3463689243274741
1511,0.4952821575220162
1512,0.08726902367833378
1513,0.6758607492112106
1514,0.18179888454673074
1515,0.060815208313060976
1516,0.546199447057603
1517,0.0777777627668645
1518,0.12114156579602782
1519,0.1125199186999162
1520,0.5906706422510051
1521,0.08031016161014934
1522,0.10638728106367269
1523,0.30858578825919053
1524,0.31251115019312276
1525,0.08714208074946767
1526,0.06540227553987153
1527,0.11110465942060958
1528,0.3221000654434325
1529,0.10592413023539352
1530,0.5028864940056572
1531,0.1161837358750394
1532,0.08575760647013678
1533,0.10304621414503337
1534,0.1212103166712454
1535,0.496961883718729
1536,0.1283239457635635
1537,0.09474272917139115
1538,0.5996728272133127
1539,0.56926878449283
1540,0.5453296734733285
1541,0.17061062455650616
1542,0.5584041679876289
1543,0.14682651978238617
1544,0.08452108421528734
1545,0.1579717814468281
1546,0.14239956678620283
1547,0.13828790810501337
1548,0.5959076838544869
1549,0.09591451343555119
1550,0.08582153707341046
1551,0.56926878449283
1552,0.5519576069129282
1553,0.19964349150544272
1554,0.09700986309888737
1555,0.2403520950880226
1556,0.09371312882593938
1557,0.09069214507624782
1558,0.5800569495479221
1559,0.10571527282069758
1560,0.11384005735738913
1561,0.14195455234247684
1562,0.09286730852923329
1563,0.16718841346782776
1564,0.13187773569165878
1565,0.10511353944589334
1566,0.13456820951572887
1567,0.6064972070057901
1568,0.14334324849356436
1569,0.29316650703151353
1570,0.10536319024468722
1571,0.14365403552464764
1572,0.5482291391932527
1573,0.11753606937278151
1574,0.10718874342227523
1575,0.6235248569334236
1576,0.2588324338332107
1577,0.10042791310835392
1578,0.2592457512887815
1579,0.5169140806747069
1580,0.10382940890672673
1581,0.2528420304336156
1582,0.0973316283838518
1583,0.11943474860481872
1584,0.5439362346306237
1585,0.5157058647866793
1586,0.6096265267224743
1587,0.1871236637915654
1588,0.5844021716025273
1589,0.5028864940056572
1590,0.09995503447991189
1591,0.5272022634022725
1592,0.116140701381385
1593,0.22167580941922302
1594,0.6235248569334236
1595,0.12579628502116863
1596,0.11638970965013178
1597,0.08867960706307422
1598,0.11452903356405685
1599,0.16866902272915388
1600,0.08790060181652086
1601,0.26388706166789155
1602,0.6648782946345676
1603,0.2211972815169324
1604,0.30773640804418906
1605,0.6087577936907261
1606,0.3911456254952865
1607,0.5550347179423843
1608,0.1144792352972274
1609,0.10307260563880724
1610,0.10750557106236037
1611,0.10049225410539721
1612,0.18601447713500857
1613,0.09877256751309645
1614,0.12251412105809315
1615,0.12150284570855895
1616,0.15921057308320666
1617,0.08615913278171969
1618,0.10176554676926503
1619,0.5028864940056572
1620,0.36408902113562946
1621,0.10961237445822605
1622,0.12871026173894512
1623,0.558866568208871
1624,0.5757852882745941
1625,0.5280161108096938
1626,0.13448121928242768
1627,0.2379703409469701
1628,0.12239253460154882
1629,0.1152053021671395
1630,0.201836913058795
1631,0.496961883718729
1632,0.538506853202919
1633,0.09192844848181228
1634,0.08124832533129102
1635,0.08172781721696029
1636,0.11162721612106347
1637,0.4443854177300864
1638,0.116140701381385
1639,0.12576373765416454
1640,0.1650507427972127
1641,0.13634190225143336
1642,0.18384280251728444
1643,0.1339795789462549
1644,0.5028864940056572
1645,0.16086708909851602
1646,0.06990936591091165
1647,0.6213147633254674
1648,0.14048913544214445
1649,0.15425817728986807
1650,0.5028864940056572
1651,0.11461057544479496
1652,0.5054330518148675
1653,0.09601748395432022
1654,0.48551883552746783
1655,0.473631721205191
1656,0.08980899566885157
1657,0.11745134801403947
1658,0.572970634468471
1659,0.15865997564795944
1660,0.10826116849679182
1661,0.39861604274168083
1662,0.5891492594606127
1663,0.17320433481179176
1664,0.09120027746926448
1665,0.2560062380058078
1666,0.11016262396354753
1667,0.086002885476564
1668,0.18370572215848338
1669,0.09658676501636669
1670,0.26169591966549877
1671,0.49369722640167113
1672,0.40645250470570526
1673,0.17470219063357198
1674,0.16708667029833021
1675,0.0798061235150189
1676,0.5505605886359497
1677,0.5543984140863046
1678,0.23088643302139286
1679,0.6169144613378816
1680,0.2051796722031752
1681,0.11408386674662194
1682,0.10036492536953086
1683,0.1014629300843653
1684,0.07202197305623795
1685,0.11802001400782466
1686,0.6132696154466158
1687,0.5899883834081695
1688,0.18537952907008734
1689,0.46918069350554403
1690,0.20992918450333845
1691,0.2135010243524631
1692,0.6332960100625322
1693,0.09090557553133415
1694,0.11432920682055711
1695,0.17433098644907127
1696,0.20407230528544731
1697,0.7185219750919231
1698,0.40682638843790603
1699,0.10464260067601253
1700,0.1698093709697025
1701,0.6419887438146097
1702,0.15550938067997144
1703,0.12200135269946735
1704,0.15534762215667797
1705,0.1108336412999586
1706,0.5644479463557485
1707,0.1639682614717997
1708,0.48714077746817247
1709,0.4857430021151504
1710,0.5073980411277359
1711,0.2521369174269153
1712,0.10536319024468722
1713,0.5633127417827458
1714,0.1891223956186126
1715,0.5979795553105846
1716,0.6332960100625322
1717,0.09211676201543549
1718,0.10536319024468722
1719,0.15397522987106177
1720,0.19872751085964857
1721,0.13773468307050524
1722,0.5303237999874549
1723,0.5243856307151105
1724,0.12146230819102019
1725,0.07949860728955531
1726,0.5930427705932524
1727,0.49316693649317556
1728,0.11214413046443766
1729,0.4862992869154351
1730,0.591303049673133
1731,0.40645250470570526
1732,0.11627224831758821
1733,0.11617206269223757
1734,0.08371769642768973
1735,0.2047835206826096
1736,0.1384129505209432
1737,0.11697795467442137
1738,0.14321721256395514
1739,0.1171236878042539
1740,0.219557178411963
1741,0.1098613985219903
1742,0.29931341850519005
1743,0.11755402510919771
1744,0.21634506358204983
1745,0.11246531108822724
1746,0.27323174520226534
1747,0.5046688617221672
1748,0.7309740551474451
1749,0.19212115896794382
1750,0.5392343616031313
1751,0.11940835949182681
1752,0.3236628325747029
1753,0.13895937212854717
1754,0.5347790108278393
1755,0.12327653237730661
1756,0.3726840204117528
1757,0.39147584968967053
1758,0.08094980468927547
1759,0.5423073665884869
1760,0.13928563299941082
1761,0.17953192461130463
1762,0.09491752968748604
1763,0.09507199353728057
1764,0.6504274984095115
1765,0.6129945979000385
1766,0.5282377218692167
1767,0.23068738300905445
1768,0.1344388860697727
1769,0.10077442085298535
1770,0.5001157470923321
1771,0.30274825819383583
1772,0.10624765383581745
1773,0.505452650470843
1774,0.37976355613648616
1775,0.6747913085032535
1776,0.09113503586331421
1777,0.27323174520226534
1778,0.48466125804372023
1779,0.086002885476564
1780,0.5842712824579946
1781,0.4838438506415281
1782,0.3945681950723385
1783,0.5542427867134646
1784,0.49240323646953305
1785,0.5424312691800446
1786,0.21739238141168488
1787,0.09563119384654549
1788,0.5697696106270129
1789,0.28823761965523276
1790,0.11738698327492482
1791,0.08913791209900218
1792,0.08815148462064257
1793,0.5736274753897275
1794,0.10997968312309067
1795,0.08172781721696029
1796,0.1667429476760319
1797,0.3395619217303928
1798,0.10416618928994709
1799,0.11470857818314052
1800,0.08598678084031626
1801,0.10370500639101882
1802,0.5152335033395455
1803,0.08677332005053465
1804,0.07689394887940684
1805,0.18727501569706811
1806,0.11148985070774635
1807,0.1152053021671395
1808,0.11660503217646695
1809,0.36044186811777146
1810,0.5028864940056572
1811,0.10726267275644721
1812,0.32751865459934393
1813,0.5670738421022493
1814,0.11983534213187506
1815,0.12394295340024739
1816,0.6004127035230014
1817,0.5891492594606127
1818,0.15213882159879702
1819,0.4407228359232114
1820,0.1047309588345944
1821,0.2929941890131627
1822,0.1676926286236277
1823,0.11877958469404717
1824,0.5220501913639842
1825,0.18377098312289122
1826,0.5961939843331397
1827,0.3630008929249589
1828,0.3943105769802496
1829,0.1854720743736849
1830,0.6415231695183233
1831,0.10270298144952959
1832,0.19873723815970798
1833,0.1434649470241662
1834,0.5219228235607624
1835,0.09466432357250994
1836,0.43103215389096333
1837,0.11766376663165223
1838,0.2174599240799085
1839,0.11179031931976997
1840,0.10264759270216009
1841,0.5162727485176766
1842,0.5670738421022493
1843,0.13098328134924778
1844,0.0968163150710575
1845,0.08948046309794573
1846,0.12642531420902353
1847,0.09522050110762326
1848,0.10955006709677978
1849,0.3838479416645967
1850,0.6393555313306033
1851,0.12854651610833592
1852,0.12228392118519807
1853,0.3629347654690547
1854,0.5346528119652064
1855,0.10377831674453049
1856,0.5320285703441463
1857,0.1052246996034695
1858,0.6235248569334236
1859,0.12104665333814654
1860,0.19761161402660474
1861,0.1889056283267328
1862,0.1700303164597355
1863,0.5577765632007411
1864,0.12404898006028577
1865,0.564173544042236
1866,0.16064673478187758
1867,0.5627751869291325
1868,0.15374332916993827
1869,0.6028951807343585
1870,0.11016262396354753
1871,0.0770079483931275
1872,0.0839994798245001
1873,0.5570451157912452
1874,0.14441711956682105
1875,0.6224351868253404
1876,0.179479538875596
1877,0.09169659963598395
1878,0.08470679480812374
1879,0.10639457981405832
1880,0.5512461856902812
1881,0.191089382721311
1882,0.5374418712652272
1883,0.13105194322567526
1884,0.5959076838544869
1885,0.12292028928430344
1886,0.15637112751142468
1887,0.12618593021484495
1888,0.15688864639799469
1889,0.12138662595168286
1890,0.12236713493688395
1891,0.10192325787830865
1892,0.12116466350831717
1893,0.478502881549072
1894,0.13002527989565846
1895,0.1009229945231971
1896,0.09829124024716257
1897,0.16143946765874467
1898,0.3163201530139223
1899,0.5901524510823081
1900,0.10667261286189662
1901,0.11791943002063711
1902,0.5788660296486882
1903,0.4026523333339081
1904,0.08877691419907312
1905,0.09805234855097017
1906,0.6280674291022119
1907,0.4773238268379574
1908,0.11941437925447501
1909,0.13077939561229607
1910,0.1501721683695287
1911,0.14658429024648256
1912,0.45302864818655936
1913,0.10798221200118079
1914,0.15047978547470717
1915,0.12896771187317077
1916,0.10739525768434441
1917,0.17979897688603094
1918,0.20984037737179648
1919,0.6235248569334236
1920,0.14126147904116634
1921,0.11811983111688233
1922,0.49206004659377245
1923,0.08789037170435622
1924,0.08789037170435622
1925,0.24235751188616467
1926,0.14835662694309618
1927,0.11043655475608712
1928,0.11013320632595885
1929,0.0852215159509525
1930,0.5578853529193046
1931,0.12440072311700444
1932,0.0835632051708062
1933,0.4838438506415281
1934,0.16281093572500593
1935,0.4999711440482533
1936,0.2976996242377899
1937,0.5628860492432721
1938,0.10947674635427701
1939,0.12017525289356103
1940,0.5258421586395616
1941,0.569748575483406
1942,0.10099169880237616
1943,0.5504438045080595
1944,0.12469262705921651
1945,0.12095241106248195
1946,0.36497833625669823
1947,0.5577292198411842
1948,0.40245533352031876
1949,0.1188485096178273
1950,0.5912620207526538
1951,0.26411956244103213
1952,0.13230163605959483
1953,0.10625980997030174
1954,0.25374946479313976
1955,0.12162017332316925
1956,0.11083153180176691
1957,0.11923334720938364
1958,0.15157646435250985
1959,0.17013730102634214
1960,0.11857503928785662
1961,0.3000022595588806
1962,0.2925080056187801
1963,0.09626716348643473
1964,0.12802440502248558
1965,0.08348813537056624
1966,0.13403623345495447
1967,0.14794703400135328
1968,0.09828730841246482
1969,0.16711600412440605
1970,0.1611312725110342
1971,0.10348666172835277
1972,0.1612190329611984
1973,0.10353882899689379
1974,0.14979016773069986
1975,0.3157039388348083
1976,0.5397361148036156
1977,0.10798221200118079
1978,0.10902138287900626
1979,0.1637774084795963
1980,0.09572807258548757
1981,0.122230953800413
1982,0.10244078888473279
1983,0.09757499257972292
1984,0.13989723330439657
1985,0.2039363778188382
1986,0.0770079483931275
1987,0.6332960100625322
1988,0.50607211984062
1989,0.2043527597106143
1990,0.12647342505971435
1991,0.19839598661100732
1992,0.4674447928632046
1993,0.108178561167656
1994,0.207249808580321
1995,0.5567233580816243
1996,0.3396328600945467
1997,0.08252427058411618
1998,0.16647804561174645
1999,0.11849545665772707
2000,0.3463689243274741
2001,0.11016262396354753
2002,0.30547391831483117
2003,0.44479219330788117
2004,0.16349527176033127
2005,0.5595339379253248
2006,0.11793171721767634
2007,0.09258334290370791
2008,0.3014661967400844
2009,0.6078755055685807
2010,0.2336248326989358
2011,0.34700073979532325
2012,0.5882137529279112
2013,0.10367437315091559
2014,0.11016262396354753
2015,0.15945836798608193
2016,0.1951989918113516
2017,0.19381067628724308
2018,0.2635438315103693
2019,0.1901906411934769
2020,0.10001761216787189
2021,0.28880603548756334
2022,0.09855045245992371
2023,0.09019312652649773
2024,0.5555138762371592
2025,0.5353632561456155
2026,0.6756387979956955
2027,0.20502607775623993
2028,0.12524101873596494
2029,0.5930427705932524
2030,0.16168924791911904
2031,0.09634885786407661
2032,0.5365766813259516
2033,0.16589788609135026
2034,0.10066539799134677
2035,0.12713842651498855
2036,0.09788872750079494
2037,0.13526980506556435
2038,0.4379785304924184
2039,0.3566974353689694
2040,0.0884227414012816
2041,0.6168587053906754
2042,0.4815007816622954
2043,0.13082038741180063
2044,0.11022684851937957
2045,0.5607214632660279
2046,0.19034180921220312
2047,0.14712762819543154
2048,0.13475284216713643
2049,0.6650747868658243
2050,0.36127073063495424
2051,0.45456860600471855
2052,0.1333679066148691
2053,0.1734785173320927
2054,0.1581962065701346
2055,0.2067479026243427
2056,0.37056840075818787
2057,0.08512068242006847
2058,0.2204985704621107
2059,0.11774226087370153
2060,0.5342173097985957
2061,0.4838438506415281
2062,0.24764556534152043
2063,0.5865465803226396
2064,0.11159904288757247
2065,0.09084801127804701
2066,0.11740756438126493
2067,0.1528517075995769
2068,0.1171718310696453
2069,0.5777761579362544
2070,0.11691899168492158
2071,0.10131497865717469
2072,0.15012666199963323
2073,0.6092123983487528
2074,0.5199471164898112
2075,0.48429195258303703
2076,0.14307133444013545
2077,0.14461722667220822
2078,0.30523699216279726
2079,0.6256542952407156
2080,0.1144792352972274
2081,0.2653185258008427
2082,0.09808564918784073
2083,0.12576373765416454
2084,0.23052296404853329
2085,0.21164227942134756
2086,0.5824491260068071
2087,0.5258927592057672
2088,0.2501909353910601
2089,0.10492528044263529
2090,0.10143590928078398
2091,0.10191131425503826
2092,0.22819479324026523
2093,0.5436675076751942
2094,0.6243149568874589
2095,0.5429755728631468
2096,0.5221584383201939
2097,0.12136199182567263
2098,0.07669343313538464
2099,0.07378697177025963
2100,0.5296338355354856
2101,0.5579753520088558
2102,0.1715780635212593
2103,0.10381334071719453
2104,0.0885831438078021
2105,0.21143057907709084
2106,0.081570955092633
2107,0.5259091761275441
2108,0.09474272917139115
2109,0.3448413280254593
2110,0.09104552082125038
2111,0.5125439442049534
2112,0.5732472465950343
2113,0.09761966660346436
2114,0.1991947807898108
2115,0.13035872050679076
2116,0.15450390650438897
2117,0.1287736181883977
2118,0.3430687266191723
2119,0.3449153549688945
2120,0.11653168113611773
2121,0.1484714054429626
2122,0.4585970626953843
2123,0.0954042933574335
2124,0.496961883718729
2125,0.5944802251979675
2126,0.1585788053563393
2127,0.14195355375331029
2128,0.13280874812692903
2129,0.5961361411539651
2130,0.15461638396819224
2131,0.5823875352501368
2132,0.6553654335057988
2133,0.33943707968395376
2134,0.12524101873596494
2135,0.6235248569334236
2136,0.5167812065671122
2137,0.5430624592329705
2138,0.11162721612106347
2139,0.1919493284467155
2140,0.5856638898778749
2141,0.08984690416581405
2142,0.5617034135293901
2143,0.1752180644125045
2144,0.14726494144541363
2145,0.07376438070905222
2146,0.10353882899689379
2147,0.1144792352972274
2148,0.09440062704445697
2149,0.6332960100625322
2150,0.07177714697763257
2151,0.11802541504925264
2152,0.10260860983881442
2153,0.5407200921818711
2154,0.3800064507375764
2155,0.548165045046969
2156,0.21007371779186199
2157,0.086002885476564
2158,0.5214058750770656
2159,0.1502197326012601
2160,0.5767305827722622
2161,0.56926878449283
2162,0.15036406636653865
2163,0.1008906150301736
2164,0.6006601691524206
2165,0.11921673549000138
2166,0.11113729244386275
2167,0.1030846673887639
2168,0.1212103166712454
2169,0.10008424595031574
2170,0.5353681811229509
2171,0.15925325480489566
2172,0.08470679480812374
2173,0.16600197380494816
2174,0.5174370570641805
2175,0.30415048975735887
2176,0.14822870623205417
2177,0.10987168744815037
2178,0.18514188902595496
2179,0.12662705969697022
2180,0.5290956497798339
2181,0.0892207775864875
2182,0.3564926768678867
2183,0.07238576508620867
2184,0.15274823848735372
2185,0.1555840722903749
2186,0.4634754651480412
2187,0.18283220342700707
2188,0.5345982136877309
2189,0.08789037170435622
2190,0.2018748572716292
2191,0.13806063674392025
2192,0.0768860651798489
2193,0.6183647255507608
2194,0.5534244983196986
2195,0.2870213070138198
2196,0.3911456254952865
2197,0.31587896321676573
2198,0.14653168610412928
2199,0.3019352470896156
2200,0.20433859749397512
2201,0.12090733413018442
2202,0.5829616125384597
2203,0.1300936938166953
2204,0.27323174520226534
2205,0.251817295485873
2206,0.0912293814348878
2207,0.3157039388348083
2208,0.10742506128988315
2209,0.5426891897771245
2210,0.09876689297652505
2211,0.47486032434610004
2212,0.10157199161172221
2213,0.0622207165665095
2214,0.21518879499249222
2215,0.5356608678163697
2216,0.632376727635937
2217,0.5513705556368471
2218,0.22504033296277284
2219,0.1084793066110925
2220,0.5888523646428794
2221,0.5858596096539551
2222,0.1323687439766515
2223,0.3236563924744282
2224,0.1698093709697025
2225,0.1748585308983829
2226,0.11290158076540306
2227,0.48867313447337035
2228,0.6539516278483728
2229,0.5795200622936609
2230,0.09548532465826406
2231,0.5328195855447657
2232,0.5670738421022493
2233,0.12231500536489534
2234,0.5183546293479688
2235,0.130534194563891
2236,0.08971312106076332
2237,0.11013320632595885
2238,0.5199471164898112
2239,0.21805408813396296
2240,0.56926878449283
2241,0.3432387643237602
2242,0.0997483901617619
2243,0.12741110618393547
2244,0.11016262396354753
2245,0.12822999449810435
2246,0.5476785442200988
2247,0.10591340025755487
2248,0.5568972917170896
2249,0.5719981340777716
2250,0.140427251648107
2251,0.10353858648026311
2252,0.6021529482056583
2253,0.6216583006747545
2254,0.10498065987800781
2255,0.10222552478224627
2256,0.2902529950511334
2257,0.07334658733953651
2258,0.613845685199342
2259,0.1294361365304546
2260,0.5522171571714444
2261,0.11016262396354753
2262,0.4217357470180269
2263,0.19149254662294626
2264,0.24253742672260048
2265,0.6215425328127103
2266,0.11474272767150756
2267,0.5474980113322664
2268,0.1633089458218925
2269,0.1871000830966264
2270,0.6129945979000385
2271,0.5199471164898112
2272,0.11041359606950028
2273,0.08907157811322776
2274,0.11076686486228031
2275,0.5199471164898112
2276,0.10309267234771881
2277,0.10367437315091559
2278,0.2001912381410305
2279,0.12729003647508252
2280,0.08542662703516654
2281,0.6167842316735739
2282,0.5537688842475136
2283,0.45283291668118486
2284,0.34967763485129005
2285,0.14897317426664758
2286,0.6654101836635589
2287,0.11363001762070123
2288,0.5119729193448732
2289,0.17103590222132553
2290,0.5648681205030912
2291,0.3418015221317287
2292,0.38465947412521717
2293,0.17049845757004428
2294,0.5398906352637352
2295,0.09142126214399286
2296,0.5596043319298206
2297,0.14349191967032407
2298,0.5858596096539551
2299,0.6280674291022119
2300,0.07864162381488214
2301,0.10533377260709854
2302,0.5425673958423511
2303,0.1197425332778031
2304,0.09049338371463715
2305,0.11179031931976997
2306,0.33943707968395376
2307,0.24806441043232674
2308,0.5488904670568823
2309,0.5951161628784463
2310,0.0808470425551926
2311,0.6589354067095832
2312,0.10810395934908694
2313,0.14447853258058105
2314,0.08257969998678293
2315,0.6236964797687574
2316,0.56926878449283
2317,0.49663938092814053
2318,0.137266299109126
2319,0.13455129345305222
2320,0.10074773106148048
2321,0.29737782004108543
2322,0.5318095669696855
2323,0.44707883614320637
2324,0.4838438506415281
2325,0.6244255286311116
2326,0.6353421311440576
2327,0.10836780544304687
2328,0.103309358546124
2329,0.12292400051274191
2330,0.1283221741814911
2331,0.1621813110521404
2332,0.10047642133226238
2333,0.5858596096539551
2334,0.44412171736614164
2335,0.10395393364115303
2336,0.12272646158671524
2337,0.331637900391785
2338,0.6093863332993706
2339,0.09817243788616241
2340,0.1899602917815925
2341,0.33222120533201793
2342,0.26305434659141785
2343,0.6547970343861821
2344,0.11370474106710218
2345,0.10372448822080253
2346,0.48906222908551444
2347,0.6353421311440576
2348,0.6078943731946497
2349,0.08802236301871008
2350,0.48559321395354343
2351,0.19446553918125442
2352,0.47894110507299636
2353,0.122230953800413
2354,0.2591278862062008
2355,0.11807259965189869
2356,0.18492238896454213
2357,0.08947379595614363
2358,0.24143087347087136
2359,0.08789037170435622
2360,0.08285187857898672
2361,0.19919981698023434
2362,0.13682936050460223
2363,0.4375054265668761
2364,0.08428458720482804
2365,0.11177116393503399
2366,0.09757306443601135
2367,0.17005892728283362
2368,0.08031016161014934
2369,0.1401536630971197
2370,0.10696977480189311
2371,0.21090523616041626
2372,0.09499608634941686
2373,0.2136807505096149
2374,0.08320189888189208
2375,0.3520164279920975
2376,0.07298992611680159
2377,0.11277344229940764
2378,0.5253823155073047
2379,0.1167650843490966
2380,0.13218010395616162
2381,0.5660856449781416
2382,0.12157005149256637
2383,0.08996962754203057
2384,0.5521440811342377
2385,0.31675820556244144
2386,0.5742832230079031
2387,0.5867220594661954
2388,0.20915680049775717
2389,0.09835159909111915
2390,0.10536319024468722
2391,0.5649459503760342
2392,0.17511882366699846
2393,0.1501531436349502
2394,0.11162721612106347
2395,0.10730037391452017
2396,0.10798221200118079
2397,0.5021400328796298
2398,0.1495563527473904
2399,0.5311476457871998
2400,0.11836144130591628
2401,0.10484752407437296
2402,0.5830993288404238
2403,0.5212173113687649
2404,0.1849922169061461
2405,0.09130098642654344
2406,0.24595304306258647
2407,0.11016262396354753
2408,0.6004127035230014
2409,0.5893557483430348
2410,0.4646851985905307
2411,0.10137514961417485
2412,0.11248317195501861
2413,0.10109469976613204
2414,0.11806596498104688
2415,0.126235544144134
2416,0.265294891221156
2417,0.5839057720438221
2418,0.11179031931976997
2419,0.2539496178722166
2420,0.11162721612106347
2421,0.20062801191173416
2422,0.2870213070138198
2423,0.5391445313521427
2424,0.3229099512132345
2425,0.5652185396180722
2426,0.10524504438763944
2427,0.09953761537698717
2428,0.11031238178418662
2429,0.28922243251475116
2430,0.505156320747525
2431,0.1784444229611629
2432,0.1802965848978733
2433,0.21394217233520646
2434,0.39228162797426175
2435,0.12598762287940463
2436,0.6416552392438658
2437,0.30623264431678476
2438,0.10199182674122943
2439,0.1858157331418522
2440,0.5792862528428753
2441,0.09995503447991189
2442,0.18664022975814137
2443,0.09775103281771216
2444,0.1191764848252375
2445,0.11996042902093465
2446,0.17575165365237028
2447,0.19581537257972842
2448,0.10120299718342049
2449,0.4838438506415281
2450,0.5893141884973835
2451,0.5559192281530212
2452,0.5258421586395616
2453,0.11271134018851356
2454,0.5912854604106995
2455,0.07703909135381501
2456,0.27544269995556536
2457,0.12060211869278985
2458,0.1047309588345944
2459,0.24335578113823025
2460,0.17067012639473936
2461,0.5517065093956097
2462,0.6088444638335513
2463,0.22949484925012667
2464,0.09759286367314184
2465,0.0770079483931275
2466,0.598884761136294
2467,0.12063964279629828
2468,0.5183546293479688
2469,0.56926878449283
2470,0.5472818965775713
2471,0.548443190401891
2472,0.5267565085499418
2473,0.5600287312447867
2474,0.5949327894916911
2475,0.11066501967685505
2476,0.1167650843490966
2477,0.3395058781433839
2478,0.17826502480702885
2479,0.15250644486783174
2480,0.10739525768434441
2481,0.5697627775211062
2482,0.5798057003377236
2483,0.5671132895543293
2484,0.24889504332360055
2485,0.5519203575094419
2486,0.3503729651181406
2487,0.5118226980436271
2488,0.31079277260014365
2489,0.557035894122808
2490,0.12246793761588305
2491,0.2633208062812124
2492,0.20344253559806988
2493,0.11277344229940764
2494,0.12157076279608124
2495,0.09429419642510924
2496,0.5453296734733285
2497,0.5949015253539639
2498,0.5428311873882933
2499,0.1328162135085417
2500,0.579878807063811
2501,0.22589031575261312
2502,0.08497860660643743
2503,0.1426596920744922
2504,0.0950833053928206
2505,0.11514285399491485
2506,0.13175978853499085
2507,0.12552020269789763
2508,0.11297546015207872
2509,0.1440308974559038
2510,0.12406014464604447
2511,0.13332847727085267
2512,0.33070102333416335
2513,0.23887700795901923
2514,0.5392343616031313
2515,0.5228025533849825
2516,0.5173341597340199
2517,0.1167650843490966
2518,0.0802595257292982
2519,0.5731014657171657
2520,0.21130407846579546
2521,0.19870029129912997
2522,0.10197858358019404
2523,0.11985645117620018
2524,0.1290065970415593
2525,0.5853174131515594
2526,0.12644637729988092
2527,0.5700675299973113
2528,0.08420402137265241
2529,0.5765424294657436
2530,0.13422296628758487
2531,0.5398642733776806
2532,0.11468433435540817
2533,0.12138383107712511
2534,0.10066727779811649
2535,0.2232005187402194
2536,0.09532933569332283
2537,0.11872194036721666
2538,0.6015245431599574
2539,0.09384526190388559
2540,0.2751074455423821
2541,0.18036191755970704
2542,0.12201925792083146
2543,0.12851553408276853
2544,0.16994208070849995
2545,0.6753175786826779
2546,0.08789037170435622
2547,0.5453296734733285
2548,0.22167580941922302
2549,0.5442013450033656
2550,0.09802823230337722
2551,0.08964286089416694
2552,0.07761253456434639
2553,0.07285398069526418
2554,0.5513705556368471
2555,0.2192826800824013
2556,0.20457126326456773
2557,0.13207235504021203
2558,0.12970399032029262
2559,0.20168382219580552
2560,0.5628860492432721
2561,0.09904234360236928
2562,0.15294327675644714
2563,0.2720921597158629
2564,0.11600105691606656
2565,0.11008512232921136
2566,0.45584137187338847
2567,0.2125462426459772
2568,0.6553654335057988
2569,0.08051606160429627
2570,0.09771870894705817
2571,0.08124094884028257
2572,0.39243745277609127
2573,0.12486018792958613
2574,0.11637612867537364
2575,0.1152053021671395
2576,0.11896497419139455
2577,0.5742406407885459
2578,0.6589354067095832
2579,0.11004454539687278
2580,0.5870260425226771
2581,0.5522171571714444
2582,0.42057051718293914
2583,0.09312194856248684
2584,0.1582862431952346
2585,0.16322946610419053
2586,0.32751865459934393
2587,0.2678538568387637
2588,0.19905405731070436
2589,0.5311476457871998
2590,0.138418367419866
2591,0.3014661967400844
2592,0.20312186367047333
2593,0.1312593508446893
2594,0.20170079675945637
2595,0.5731572289663677
2596,0.10285680690939322
2597,0.15175305253846713
2598,0.13072780461983138
2599,0.5802157746083675
2600,0.10751636179732384
2601,0.10124785642041756
2602,0.0803636305359071
2603,0.2737001605326737
2604,0.20241648429320042
2605,0.5172936415197126
2606,0.4681092165417552
2607,0.1116536578397751
2608,0.1611840855766454
2609,0.25720851689935514
2610,0.3943524358983285
2611,0.08595797282652523
2612,0.5777761579362544
2613,0.12406014464604447
2614,0.30623264431678476
2615,0.5454509055523552
2616,0.0857734150257942
2617,0.5690543794759649
2618,0.11234354711262959
2619,0.09619665314991646
2620,0.5157058647866793
2621,0.3423557688561564
2622,0.5028864940056572
2623,0.32751865459934393
2624,0.08339682259839182
2625,0.11744892765217992
2626,0.11391804258274237
2627,0.13535092968435133
2628,0.443953084252105
2629,0.5792246870979774
2630,0.5644479463557485
2631,0.5459779779091437
2632,0.1816881464390268
2633,0.388237374184915
2634,0.12810181967299958
2635,0.26682081867596297
2636,0.11710005617304566
2637,0.08358429832853406
2638,0.11400121421652551
2639,0.7821737122534919
2640,0.10183710273192419
2641,0.1312014256227994
2642,0.10536319024468722
2643,0.5498763613599301
2644,0.11916884028966308
2645,0.1053631731393204
2646,0.5963954547345794
2647,0.1152053021671395
2648,0.5613161851022862
2649,0.3041121770258544
2650,0.10143905578407966
2651,0.11043655475608712
2652,0.5522171571714444
2653,0.5483941375569643
2654,0.11494238612550654
2655,0.1361715318012365
2656,0.5322944809886153
2657,0.14062231423436694
2658,0.46356297924732465
2659,0.12616393582910249
2660,0.18275938836575475
2661,0.5202098293270377
2662,0.5285106199071586
2663,0.1777117722765334
2664,0.10395900588029877
2665,0.6138355410883138
2666,0.09236602067710419
2667,0.6087300013668117
2668,0.08179226283058702
2669,0.5526033569422969
2670,0.271584135543496
2671,0.5513705556368471
2672,0.14726494144541363
2673,0.3360351993416929
2674,0.08252427058411618
2675,0.5413750997854282
2676,0.2371053389187185
2677,0.17439874771430738
2678,0.5488011988555885
2679,0.49466278978592665
2680,0.48443532047998183
2681,0.6276788502960574
2682,0.10855121667799082
2683,0.10899387971756541
2684,0.11774384475847464
2685,0.13624671709889846
2686,0.16164640123089924
2687,0.5125439442049534
2688,0.10006088551348798
2689,0.12128876879450279
2690,0.17116225186365452
2691,0.13114857664155452
2692,0.09021299864200945
2693,0.07948088324024027
2694,0.1798902505214362
2695,0.19548376034700196
2696,0.11156805077814232
2697,0.6183647255507608
2698,0.27807406505183374
2699,0.13168261037840248
2700,0.09192844848181228
2701,0.35007826541237813
2702,0.46058958414951806
2703,0.1276404063099704
2704,0.2771515900714144
2705,0.11052535197995499
2706,0.22733680876990187
2707,0.11915188468601462
2708,0.5013398367701883
2709,0.13185369584723527
2710,0.08595797282652523
2711,0.5505362238292513
2712,0.11787449861922505
2713,0.09477817083322924
2714,0.09628192854744039
2715,0.14584222902836863
2716,0.10536319024468722
2717,0.34275762582793656
2718,0.5715808356716396
2719,0.10698000174047123
2720,0.15602722667135224
2721,0.1581962065701346
2722,0.6588565346914322
2723,0.5577765632007411
2724,0.09744477375326119
2725,0.18427325155142307
2726,0.34652399538730033
2727,0.11790908521817017
2728,0.49312977070613234
2729,0.2586958923473726
2730,0.10189328442588841
2731,0.07944889060602596
2732,0.5509415661620001
2733,0.5879343231734336
2734,0.15952644803579366
2735,0.2767051217324733
2736,0.568919240406527
2737,0.29574650584871404
2738,0.1383509753120837
2739,0.15129217991935767
2740,0.08467580114440677
2741,0.37820976248935817
2742,0.154600416319546
2743,0.09508823180850402
2744,0.5445691760607294
2745,0.531842284753294
2746,0.5593610788341493
2747,0.17117615727870866
2748,0.22654173212570353
2749,0.1770250330927311
2750,0.5428515736588243
2751,0.10559620328115545
2752,0.13797524593595997
2753,0.11565098525825367
2754,0.12362370589022156
2755,0.3153377552906033
2756,0.09755204702795012
2757,0.52362214266927
2758,0.4621483910027447
2759,0.09143214126640258
2760,0.5582316669049904
2761,0.16977972558752735
2762,0.19391328143282432
2763,0.1512553898726125
2764,0.3161209370914989
2765,0.5083959641635407
2766,0.07733813702128724
2767,0.10096642693956202
2768,0.23655106937196452
2769,0.1608268878299633
2770,0.10113993456140782
2771,0.6332960100625322
2772,0.5253823155073047
2773,0.20475457227299912
2774,0.13349023079334907
2775,0.38594850213048215
2776,0.1873393910645137
2777,0.17838383440313565
2778,0.5951161628784463
2779,0.6803323816439626
2780,0.3395619217303928
2781,0.0684390567659695
2782,0.22167580941922302
2783,0.2192826800824013
2784,0.56926878449283
2785,0.13556322202815743
2786,0.11872162628285196
2787,0.5548111538772977
2788,0.2040240366838703
2789,0.5513705556368471
2790,0.19932294733689127
2791,0.15925332041695098
2792,0.12667459086094748
2793,0.09914116721669693
2794,0.2988940878556473
2795,0.5513705556368471
2796,0.13596666404358956
2797,0.6122366479960365
2798,0.496961883718729
2799,0.5505605886359497
2800,0.20288945107131748
2801,0.6204122241123352
2802,0.11425044913576632
2803,0.111500011235749
2804,0.1298305522394819
2805,0.20064724944075876
2806,0.6004127035230014
2807,0.11235266426158894
2808,0.22190023634441536
2809,0.09591451343555119
2810,0.10640347891711195
2811,0.3769769587911049
2812,0.08092355005244671
2813,0.09674805869181961
2814,0.5670738421022493
2815,0.1009229945231971
2816,0.3307814310348273
2817,0.13251807906953975
2818,0.4838438506415281
2819,0.11022684851937957
2820,0.10739525768434441
2821,0.09468173074444394
2822,0.1254574526081197
2823,0.6796750281132404
2824,0.39084267859389604
2825,0.5183546293479688
2826,0.09763218223234738
2827,0.21545623342624304
2828,0.24675225300286735
2829,0.2285228362880728
2830,0.3014661967400844
2831,0.5561241639396867
2832,0.11311636472370627
2833,0.09979655138479103
2834,0.1899602917815925
2835,0.3061282499867939
2836,0.16614135635125668
2837,0.5967654181517336
2838,0.1974820908757527
2839,0.12239253460154882
2840,0.4990340743361016
2841,0.09936618914574814
2842,0.17368248599057823
2843,0.5199471164898112
2844,0.6004127035230014
2845,0.6333631890389811
2846,0.08789037170435622
2847,0.40478530867268225
2848,0.16945450112839447
2849,0.1581962065701346
2850,0.09627460782821305
2851,0.5033716415867381
2852,0.36722907151145395
2853,0.10498558022750865
2854,0.19939544765415126
2855,0.1475473783541905
2856,0.18580510801518713
2857,0.5264010212468407
2858,0.12406014464604447
2859,0.2964404677833686
2860,0.10455272224812548
2861,0.11916036114276005
2862,0.46950568571832163
2863,0.635672792515601
2864,0.4838438506415281
2865,0.07958684826875059
2866,0.5513705556368471
2867,0.11270475465491153
2868,0.15435522658134276
2869,0.0912293814348878
2870,0.19897294500934076
2871,0.56926878449283
2872,0.13332847727085267
2873,0.12879607424861675
2874,0.17840699410727057
2875,0.11203209755949867
2876,0.3884389830814254
2877,0.5936316152725329
2878,0.09401436394691169
2879,0.12469302642708749
2880,0.18799293234801767
2881,0.57221978719745
2882,0.13665406798984847
2883,0.11207554649723471
2884,0.09808564918784073
2885,0.19871546839907728
2886,0.1644969824886958
2887,0.10353882899689379
2888,0.6594135932556154
2889,0.127617823064958
2890,0.15074153796340187
2891,0.5429755728631468
2892,0.15885291410396388
2893,0.2511192532205132
2894,0.292144171676564
2895,0.6654101836635589
2896,0.5488904670568823
2897,0.5812059823698428
2898,0.2685089923358697
2899,0.23075077327905807
2900,0.16208118237413496
2901,0.086002885476564
2902,0.17042510299920266
2903,0.12472977850990226
2904,0.16335537543137796
2905,0.5472136634801267
2906,0.11546229581028337
2907,0.09301135162855637
2908,0.18319940724949776
2909,0.13227118964390108
2910,0.11424656506382785
2911,0.11016262396354753
2912,0.2501909353910601
2913,0.1983440825993682
2914,0.23239589614894035
2915,0.3276321705789513
2916,0.11252611924001235
2917,0.1245144750171953
2918,0.14009401259064938
2919,0.6535369513133583
2920,0.10802932723496698
2921,0.13902619691074927
2922,0.53819353847887
2923,0.5565400598834355
2924,0.4751081629306667
2925,0.09760596680941343
2926,0.56926878449283
2927,0.5866004520878121
2928,0.5603891020229969
2929,0.534463186571137
2930,0.2881761630969319
2931,0.10392589702906692
2932,0.16152824948310077
2933,0.49391342814989625
2934,0.08043845902225062
2935,0.5332865963014229
2936,0.24670281082583426
2937,0.30274825819383583
2938,0.5199471164898112
2939,0.24143087347087136
2940,0.3010368588658757
2941,0.5623318748030628
2942,0.12237298361771273
2943,0.09858769464275306
2944,0.10876532495521762
2945,0.10111209800219577
2946,0.1256405778278998
2947,0.07323491937417811
2948,0.12662804039876951
2949,0.48186091281090326
2950,0.11514285399491485
2951,0.12375994206511483
2952,0.11016262396354753
2953,0.21524002325890554
2954,0.12583534877976757
2955,0.16307958690195007
2956,0.255568450147519
2957,0.33668213633055094
2958,0.5858596096539551
2959,0.5199471164898112
2960,0.10648810055729642
2961,0.5418798499352133
2962,0.1505708049579805
2963,0.6105578815462767
2964,0.6858923525730933
2965,0.11354306582258882
2966,0.6137387119601526
2967,0.1426596920744922
2968,0.16368604039911733
2969,0.07546152219737351
2970,0.11716844357710644
2971,0.12084869675032302
2972,0.08532236476801325
2973,0.5745360882253507
2974,0.506632313623979
2975,0.2385001796308156
2976,0.3723318449289505
2977,0.18232570377719692
2978,0.12805931319149483
2979,0.10536319024468722
2980,0.1586422535734491
2981,0.5078128603853581
2982,0.12296330770648187
2983,0.3153377552906033
2984,0.5270200905648271
2985,0.15387787955047436
2986,0.5511016533303099
2987,0.5253823155073047
2988,0.08525204129261366
2989,0.1298305522394819
2990,0.098478487013736
2991,0.6193283443291092
2992,0.07996798269101228
2993,0.13345667296933786
2994,0.601838492770637
2995,0.25395622303559556
2996,0.10739525768434441
2997,0.6160591119297723
2998,0.16150348208422963
2999,0.09021299864200945
3000,0.39228162797426175
3001,0.12943217017038436
3002,0.16611334087218632
3003,0.12532707218739436
3004,0.5585984408331293
3005,0.1167650843490966
3006,0.15672843478182902
3007,0.1489226016134728
3008,0.09833739324645298
3009,0.10536319024468722
3010,0.5688972006971411
3011,0.10712732654986239
3012,0.13243904744586055
3013,0.5038264688472941
3014,0.08345057427649029
3015,0.19609203863707067
3016,0.09546985193597782
3017,0.16718978633316978
3018,0.19516540834980692
3019,0.6236582699109893
3020,0.08869586902012426
3021,0.10949826780445265
3022,0.49151233045401954
3023,0.103353142198307
3024,0.56926878449283
3025,0.1307490113808017
3026,0.11475726945335626
3027,0.10159570075403167
3028,0.10420054498400823
3029,0.12657434719821054
3030,0.2524055119860966
3031,0.5199471164898112
3032,0.5627751869291325
3033,0.5770120434950808
3034,0.14757224942654448
3035,0.5156662522827935
3036,0.4443065855538275
3037,0.14293510858422487
3038,0.08094980468927547
3039,0.6001138089888982
3040,0.13412740707600523
3041,0.15747906855620913
3042,0.14041042136105272
3043,0.1004850751242873
3044,0.47362557182316073
3045,0.20935022404998238
3046,0.4142590541146
3047,0.11397169164263972
3048,0.11665485966574732
3049,0.11504480726936962
3050,0.5187228593813715
3051,0.1390992563033048
3052,0.16887684279671653
3053,0.1158044722951559
3054,0.6006601691524206
3055,0.575541301220768
3056,0.47959073183787737
3057,0.13863130985019495
3058,0.5617034135293901
3059,0.23042640146326224
3060,0.09489002830017519
3061,0.32204629823336656
3062,0.15897875231158562
3063,0.14210155521121398
3064,0.09236602067710419
3065,0.10343388809067808
3066,0.1678541190434642
3067,0.23137592370405
3068,0.5430613892763497
3069,0.26779175099987484
3070,0.33070102333416335
3071,0.15240160151517904
3072,0.11046034444389079
3073,0.24021644547977175
3074,0.12819216132595132
3075,0.12184979581653789
3076,0.09540417097365524
3077,0.5457444513084766
3078,0.32212058357343165
3079,0.6921650216631556
3080,0.07488021806725448
3081,0.6223590059985806
3082,0.202091867532922
3083,0.5385107514040544
3084,0.21378133696857896
3085,0.20984037737179648
3086,0.11505120128638888
3087,0.6160591119297723
3088,0.17267956998756537
3089,0.11397845489206988
3090,0.10892036071102876
3091,0.12110864919360814
3092,0.11168515060980415
3093,0.12355406472232199
3094,0.4978846822485744
3095,0.1128418970429846
3096,0.07469966135429881
3097,0.251817295485873
3098,0.14840012476082484
3099,0.08303549022619779
3100,0.5355051709972523
3101,0.11346397806220916
3102,0.24558798526638173
3103,0.38803438044004057
3104,0.1544546587438437
3105,0.1212103166712454
3106,0.099372777854752
3107,0.5571792281447411
3108,0.13976116882679346
3109,0.11425446054898715
3110,0.12649911008994894
3111,0.6339731241449468
3112,0.5245655498977607
3113,0.5567233580816243
3114,0.5356166359714418
3115,0.10552876168478804
3116,0.08192091849808088
3117,0.1167650843490966
3118,0.08544355775572163
3119,0.17323567459083083
3120,0.08852047817894439
3121,0.09899752289852463
3122,0.5125179120622818
3123,0.3950910883345004
3124,0.4972937938145616
3125,0.10416255954811078
3126,0.10533377260709854
3127,0.4323827111825331
3128,0.15095913625104906
3129,0.12000321028721678
3130,0.1071349154009722
3131,0.10353882899689379
3132,0.6648807411414449
3133,0.12153595434511645
3134,0.5049513469299397
3135,0.10370500639101882
3136,0.18360299483066003
3137,0.2113875437091085
3138,0.6758607492112106
3139,0.11938215322278954
3140,0.09227960303218383
3141,0.09546985193597782
3142,0.5765504783795627
3143,0.11730283765283003
3144,0.09518993546688653
3145,0.49519553337946964
3146,0.3432387643237602
3147,0.28880603548756334
3148,0.07366401944005152
3149,0.4838438506415281
3150,0.11799039787648066
3151,0.09286730852923329
3152,0.4222646136700868
3153,0.13831379876583033
3154,0.5197434834576579
3155,0.5230214016499942
3156,0.15610735928747665
3157,0.1107452894934172
3158,0.5469270301483785
3159,0.17537018839239502
3160,0.5697406867254079
3161,0.3100773005847565
3162,0.11400121421652551
3163,0.5822253504025519
3164,0.12871026173894512
3165,0.2654079356125188
3166,0.13875843760950196
3167,0.10113201016703967
3168,0.5711827634866862
3169,0.5199471164898112
3170,0.5119259420067566
3171,0.127617823064958
3172,0.547636239945954
3173,0.09286730852923329
3174,0.09540011962103735
3175,0.1281772239933132
3176,0.10377831674453049
3177,0.5534244983196986
3178,0.3432387643237602
3179,0.5329221966784448
3180,0.34468112759581115
3181,0.39823248914011533
3182,0.5299876491586005
3183,0.13127332710662257
3184,0.5830993288404238
3185,0.13015928148257808
3186,0.4859694053978783
3187,0.20751062705889714
3188,0.5445691760607294
3189,0.6279506444798648
3190,0.10536319024468722
3191,0.10612772914963181
3192,0.0975179988330228
3193,0.5617034135293901
3194,0.12000717546011998
3195,0.45456860600471855
3196,0.10301908501604098
3197,0.5296747428182567
3198,0.08541907327229262
3199,0.3746279199922354
3200,0.42684412165322916
3201,0.10415695932806043
3202,0.5459147218207475
3203,0.3311670857598716
3204,0.1167650843490966
3205,0.32603536339389916
3206,0.5332491154093124
3207,0.21474948642399175
3208,0.1600169343119627
3209,0.08890274686701603
3210,0.4838438506415281
3211,0.5573880030385128
3212,0.15034165820270395
3213,0.1073226258283523
3214,0.09284096789086828
3215,0.11016262396354753
3216,0.187537679944397
3217,0.1344583679860819
3218,0.1491981569436383
3219,0.5944802251979675
3220,0.10962782889955118
3221,0.6101191799399088
3222,0.5831119751996796
3223,0.6116173727589848
3224,0.09980984419605983
3225,0.14840640347787765
3226,0.10199220185303956
3227,0.14480438533965748
3228,0.09192844848181228
3229,0.11567752028972723
3230,0.1212103166712454
3231,0.1697148295203283
3232,0.09167231861253013
3233,0.25805036376694895
3234,0.20268603578571034
3235,0.5723389935627725
3236,0.1296686155740877
3237,0.09828730841246482
3238,0.56926878449283
3239,0.09883038681699435
3240,0.21192805852847674
3241,0.09638411158066425
3242,0.13101511506797722
3243,0.16678114382805173
3244,0.11292347272442776
3245,0.40310737330061047
3246,0.5151979192065448
3247,0.12826340043245
3248,0.12432726838824126
3249,0.6183647255507608
3250,0.5612833900039607
3251,0.6687473196587608
3252,0.3276321705789513
3253,0.16914799641602105
3254,0.5473788926098356
3255,0.11113729244386275
3256,0.1014136635344685
3257,0.6465256094230679
3258,0.09453264693638408
3259,0.21429852726223048
3260,0.6067679421745821
3261,0.17213631818638336
3262,0.31079277260014365
3263,0.07689394887940684
3264,0.15327218433469175
3265,0.10352375707483447
3266,0.25605501399476915
3267,0.44338589090117797
3268,0.3919850412909617
3269,0.14753248314403053
3270,0.5167812065671122
3271,0.11738945942818654
3272,0.2870213070138198
3273,0.09831518296236567
3274,0.1754462693172888
3275,0.5419482145961826
3276,0.29737782004108543
3277,0.5949327894916911
3278,0.1049546156846956
3279,0.5183120569979031
3280,0.10415695932806043
3281,0.6235248569334236
3282,0.11162721612106347
3283,0.1283239457635635
3284,0.0983508118247069
3285,0.13976862096572304
3286,0.09091841853909158
3287,0.10740115119463065
3288,0.14822477509325438
3289,0.21032842310698857
3290,0.11738945942818654
3291,0.3769769587911049
3292,0.12138383107712511
3293,0.1856226842804084
3294,0.1093132304702819
3295,0.12090951024840789
3296,0.17642717898156843
3297,0.0841327291566837
3298,0.3369012088341686
3299,0.0881426652637761
3300,0.3211435703167895
3301,0.5328160688475867
3302,0.3723318449289505
3303,0.5624198762042284
3304,0.19117397889384566
3305,0.1216563616251379
3306,0.0726920445664017
3307,0.5759005303363552
3308,0.5800057599735088
3309,0.5424312691800446
3310,0.08799806496500272
3311,0.14376417469881117
3312,0.13703832555336706
3313,0.09062201498812102
3314,0.11621599139227141
3315,0.3427134537062841
3316,0.1415021718914033
3317,0.19044164543935568
3318,0.1962029074935598
3319,0.08425375904889253
3320,0.22851489120520838
3321,0.0908829502877783
3322,0.2790321633512345
3323,0.5430613892763497
3324,0.09811721047077003
3325,0.09752906684065196
3326,0.5447051693407082
3327,0.5225491610624612
3328,0.13538449486040413
3329,0.1167650843490966
3330,0.10739525768434441
3331,0.08388149749273228
3332,0.5830407762275106
3333,0.6009985004103883
3334,0.1043492343665883
3335,0.0852215159509525
3336,0.20902082965646182
3337,0.6004127035230014
3338,0.09184508915975051
3339,0.08206135060053481
3340,0.23150737642673302
3341,0.13007317589334388
3342,0.196419119236061
3343,0.16187143312328678
3344,0.5252279419095365
3345,0.08487415842846918
3346,0.17260535264087196
3347,0.44662889503327186
3348,0.5158079520851991
3349,0.441318038138798
3350,0.10301184266520438
3351,0.5505605886359497
3352,0.14658194558267051
3353,0.15347768644609666
3354,0.6168587053906754
3355,0.10536319024468722
3356,0.07721562645208828
3357,0.18577724072116134
3358,0.06952177715866534
3359,0.10484939654274462
3360,0.5522981395930249
3361,0.1289634935475317
3362,0.6365653901781477
3363,0.15952644803579366
3364,0.17308807590707662
3365,0.5757545222012143
3366,0.08179226283058702
3367,0.4838438506415281
3368,0.5228025533849825
3369,0.16055370473593214
3370,0.5930427705932524
3371,0.10392589702906692
3372,0.1212103166712454
3373,0.09816443160072665
3374,0.11565029553406266
3375,0.5810765435257734
3376,0.13481971698508705
3377,0.1819909649087885
3378,0.11277344229940764
3379,0.1167650843490966
3380,0.4966443654048602
3381,0.1463738105662002
3382,0.12924140887427804
3383,0.6025540415987088
3384,0.12516873468572862
3385,0.48093803722319145
3386,0.09579382855020092
3387,0.530819986070832
3388,0.5199471164898112
3389,0.12334613567083613
3390,0.10767161392785159
3391,0.5998121854246405
3392,0.10716562626706025
3393,0.08043845902225062
3394,0.27770197885474707
3395,0.5835318405482427
3396,0.09142216902575194
3397,0.10571726834772072
3398,0.1169274881845304
3399,0.13159957498877234
3400,0.5083158514143675
3401,0.13060464588561727
3402,0.15313174177086533
3403,0.08960611891870512
3404,0.12150284570855895
3405,0.16152824948310077
3406,0.22167580941922302
3407,0.1913897876309692
3408,0.10252212443351306
3409,0.09408941508918711
3410,0.6076993556939295
3411,0.5244027840976196
3412,0.19925018824252386
3413,0.12515044820988233
3414,0.5381167162832285
3415,0.11496467636448088
3416,0.1158044722951559
3417,0.5765424294657436
3418,0.11864532305177293
3419,0.1152053021671395
3420,0.13700503674749326
3421,0.1349884194329017
3422,0.5611129954746842
3423,0.11569674197811747
3424,0.1298305522394819
3425,0.19749124744566415
3426,0.08172781721696029
3427,0.11110465942060958
3428,0.3886434784357503
3429,0.1278211776543467
3430,0.1167650843490966
3431,0.5332548372881649
3432,0.09192844848181228
3433,0.4988543971543651
3434,0.102552655092875
3435,0.11984462475086644
3436,0.11875489943932398
3437,0.09415092552989825
3438,0.5904490730456697
3439,0.11715504166146877
3440,0.6004127035230014
3441,0.11625148450467265
3442,0.528563944405191
3443,0.1390936235348909
3444,0.5515828124563463
3445,0.26583795283283235
3446,0.4950241298534238
3447,0.22101459831613762
3448,0.09129264038548014
3449,0.11425440058841282
3450,0.5719886074310192
3451,0.22494249946801756
3452,0.5902746457437732
3453,0.27323174520226534
3454,0.27544269995556536
3455,0.14806053559522414
3456,0.48604188936276604
3457,0.5395055179117317
3458,0.10964002708332347
3459,0.23871228941397565
3460,0.116140701381385
3461,0.3946160630029755
3462,0.1653560195683565
3463,0.6589354067095832
3464,0.1216121625756683
3465,0.122230953800413
3466,0.12961071568362617
3467,0.09334547921536572
3468,0.32751865459934393
3469,0.11697247571636142
3470,0.16160539253088543
3471,0.5199471164898112
3472,0.5199471164898112
3473,0.1372759257962212
3474,0.441318038138798
3475,0.08093557836532671
3476,0.3932200796976611
3477,0.0956147327981234
3478,0.29447921231573304
3479,0.11162721612106347
3480,0.1902469972195292
3481,0.10580969763784939
3482,0.25660361273698284
3483,0.5025180147857287
3484,0.1482878242631675
3485,0.10750557106236037
3486,0.22525597984013404
3487,0.606131401252835
3488,0.36962767065898505
3489,0.36497833625669823
3490,0.09471084344675064
3491,0.09666351635494232
3492,0.108178561167656
3493,0.16451351417940577
3494,0.11110465942060958
3495,0.3364833875261933
3496,0.10455492634030945
3497,0.11875340509445974
3498,0.5345982136877309
3499,0.5669148724701326
3500,0.10020321619411438
3501,0.13060464588561727
3502,0.4859694053978783
3503,0.6881496746579715
3504,0.11131543110383366
3505,0.449207455331562
3506,0.2438178347686135
3507,0.16929580738112296
3508,0.11016262396354753
3509,0.5945476601727169
3510,0.085523933888835
3511,0.61365441614736
3512,0.22906737358070248
3513,0.19664825474589623
3514,0.46079593836699045
3515,0.46079593836699045
3516,0.12188947001153211
3517,0.24354219246238404
3518,0.10370500639101882
3519,0.10517932607117647
3520,0.0833444468799171
3521,0.3491634013875903
3522,0.11016262396354753
3523,0.11286778558851521
3524,0.32567821077175185
3525,0.09995503447991189
3526,0.09162817750841883
3527,0.13518314546060337
3528,0.08299305006299156
3529,0.5472136634801267
3530,0.6109969175996028
3531,0.5328160688475867
3532,0.10698260758739735
3533,0.16365337720464052
3534,0.1784172717754548
3535,0.2019348127285476
3536,0.29887780372346046
3537,0.3451229125076302
3538,0.6244255286311116
3539,0.6743941449210743
3540,0.5579753520088558
3541,0.5808599931396669
3542,0.2564194866601671
3543,0.4849486599064527
3544,0.30764735746131305
3545,0.08231225000562856
3546,0.3448413280254593
3547,0.525882303962972
3548,0.611198244397387
3549,0.1348576356692799
3550,0.24178199079224388
3551,0.6004127035230014
3552,0.6213147633254674
3553,0.23245079036584385
3554,0.16403731494768328
3555,0.15135383543620062
3556,0.501160009625249
3557,0.5808599931396669
3558,0.10126164378945529
3559,0.1821524980486868
3560,0.08836849911117023
3561,0.5328431261971827
3562,0.19690377380041307
3563,0.5567233580816243
3564,0.27544269995556536
3565,0.12603735408029773
3566,0.10536319024468722
3567,0.218842232977797
3568,0.22733993034408814
3569,0.5137204575744919
3570,0.5665649608010956
3571,0.20616561562357133
3572,0.10786213811382578
3573,0.40645250470570526
3574,0.15128207479099906
3575,0.5642075483102807
3576,0.08882800898119776
3577,0.17939196666103407
3578,0.15863429544733437
3579,0.5543204587321495
3580,0.11539944697011169
3581,0.12928471203599348
3582,0.0726920445664017
3583,0.1614774122347821
3584,0.1059971317508705
3585,0.33423878206905133
3586,0.09391001172937007
3587,0.4838438506415281
3588,0.08017682484446456
3589,0.31079277260014365
3590,0.5344487639750933
3591,0.14019479623450726
3592,0.09384509311088221
3593,0.5958630695788896
3594,0.37911467321177883
3595,0.30252599274357284
3596,0.10370500639101882
3597,0.6171435973152335
3598,0.105427768881267
3599,0.45584137187338847
3600,0.10305305871458917
3601,0.11494238612550654
3602,0.216551231890665
3603,0.6339731241449468
3604,0.28014962345628874
3605,0.1701878930687738
3606,0.37634780191330536
3607,0.14339489381914877
3608,0.16719431016998046
3609,0.22127631992382085
3610,0.18982451526044672
3611,0.10036861136278152
3612,0.0857734150257942
3613,0.11015080581586555
3614,0.08891609587805441
3615,0.5307872299932024
3616,0.6055468325221901
3617,0.5199471164898112
3618,0.5121492776685498
3619,0.12117600739336568
3620,0.27074302907447445
3621,0.20325096394287606
3622,0.34343911022161305
3623,0.6193096667926362
3624,0.10959570889908572
3625,0.17671099864436404
3626,0.11129154799354261
3627,0.3128107582183484
3628,0.10326705276705152
3629,0.3000022595588806
3630,0.2588416436764971
3631,0.5555138762371592
3632,0.09808719602513521
3633,0.1705044134814098
3634,0.34355692795783405
3635,0.10876532495521762
3636,0.5353282199348254
3637,0.11923334720938364
3638,0.5321134735980727
3639,0.11162721612106347
3640,0.4838438506415281
3641,0.5811252279657437
3642,0.5573880030385128
3643,0.11477684877320446
3644,0.09694154120426962
3645,0.31581903124389615
3646,0.5345982136877309
3647,0.5627751869291325
3648,0.2451478568239809
3649,0.2173827215921237
3650,0.6268523021667696
3651,0.10751580566627135
3652,0.5863674498610602
3653,0.5986974502396685
3654,0.127470447942787
3655,0.12496389575048125
3656,0.3304392207572565
3657,0.09745989668291391
3658,0.6009985004103883
3659,0.11013320632595885
3660,0.09481218344775316
3661,0.5734213723385864
3662,0.14023419036286178
3663,0.1274801404639371
3664,0.08623531230868832
3665,0.1344388860697727
3666,0.13891203069646826
3667,0.13301915083216106
3668,0.12045131063379093
3669,0.5506025930474946
3670,0.11622671898968544
3671,0.5236304493411311
3672,0.10905930181468389
3673,0.0792358326742462
3674,0.18943900458569268
3675,0.0836726204667762
3676,0.540979525599663
3677,0.13179941491982847
3678,0.20168382219580552
3679,0.11048326352077961
3680,0.6540285406899611
3681,0.10096587320959884
3682,0.1169274881845304
3683,0.2685488660288742
3684,0.57497845614174
3685,0.10416618928994709
3686,0.4717296638432102
3687,0.12355206775572117
3688,0.4004108748908705
3689,0.17722532337012079
3690,0.116140701381385
3691,0.10536319024468722
3692,0.14941852322978316
3693,0.15456888369973562
3694,0.6333296165789385
3695,0.5259091761275441
3696,0.373933685295967
3697,0.08876123243771826
3698,0.07567945568072379
3699,0.1323687439766515
3700,0.3975506296013222
3701,0.1033157354769934
3702,0.11015080581586555
3703,0.5739898692921049
3704,0.4972937938145616
3705,0.5531324067866153
3706,0.29642082417052185
3707,0.12459568574175288
3708,0.5006715658218761
3709,0.4163747447871215
3710,0.22877577613092223
3711,0.6540220475033199
3712,0.09149654917423164
3713,0.09802819201090616
3714,0.3039513674748359
3715,0.33573037384464915
3716,0.5030297194721808
3717,0.6414994105771245
3718,0.08134528058214087
3719,0.5944802251979675
3720,0.09615925659986786
3721,0.11494238612550654
3722,0.5069726111405496
3723,0.3823268100240408
3724,0.08601640110761817
3725,0.09138441719069897
3726,0.5860251188123351
3727,0.20773307748098951
3728,0.14886025893471458
3729,0.5979795553105846
3730,0.5044959923066779
3731,0.09807341895394647
3732,0.11332753344063148
3733,0.36023666149386885
3734,0.10750557106236037
3735,0.5928719281516238
3736,0.5670738421022493
3737,0.2790321633512345
3738,0.18477934352031988
3739,0.10148321932036115
3740,0.5700675299973113
3741,0.09926496798918302
3742,0.3164449470938201
3743,0.5935621647977319
3744,0.10312668152487547
3745,0.5199471164898112
3746,0.1212103166712454
3747,0.10286952868268558
3748,0.3309868564671637
3749,0.5210730607032565
3750,0.07819897557836736
3751,0.10592413023539352
3752,0.3161972120237658
3753,0.5894488842410389
3754,0.10553657850614498
3755,0.07546152219737351
3756,0.10802932723496698
3757,0.5573880030385128
3758,0.5731572289663677
3759,0.10105465744836242
3760,0.16901602523951859
3761,0.20694815344813763
3762,0.14822477509325438
3763,0.1152053021671395
3764,0.10549114342054951
3765,0.1123521783463432
3766,0.19209307696003206
3767,0.5094141854717784
3768,0.11008609109217266
3769,0.2545245415700942
3770,0.6053206737042438
3771,0.13193745149360797
3772,0.22167580941922302
3773,0.10395900588029877
3774,0.09407761152455198
3775,0.695837990930617
3776,0.14044029992014745
3777,0.0734584206648038
3778,0.3075529876539071
3779,0.10751636179732384
3780,0.5644479463557485
3781,0.12247648508369655
3782,0.23666789658810333
3783,0.5284805105351035
3784,0.3300450086443633
3785,0.5199471164898112
3786,0.4739768387853773
3787,0.6504558301216019
3788,0.33943707968395376
3789,0.11101581263173727
3790,0.5974422323764076
3791,0.15673923794989306
3792,0.6084098864304546
3793,0.09248375705306526
3794,0.28429127750131916
3795,0.08331831638550465
3796,0.08183024562541834
3797,0.11013320632595885
3798,0.08784109446017886
3799,0.5280161108096938
3800,0.33662777628186996
3801,0.09453756728588493
3802,0.16971243986955997
3803,0.4612549710057603
3804,0.08470679480812374
3805,0.12619612067259062
3806,0.09192844848181228
3807,0.11196700953997706
3808,0.0726920445664017
3809,0.5342173097985957
3810,0.5593488187251224
3811,0.19219673013483898
3812,0.11106279020200352
3813,0.1715884875954533
3814,0.11497724061322066
3815,0.08749159772853547
3816,0.15608684595636588
3817,0.1018132759116539
3818,0.13662182644117393
3819,0.14502313940510575
3820,0.09546985193597782
3821,0.5644479463557485
3822,0.4494185000662423
3823,0.1799373019734755
3824,0.13624671709889846
3825,0.2790321633512345
3826,0.14360116357989586
3827,0.49519553337946964
3828,0.1308071170854588
3829,0.5282053116613415
3830,0.5950675533130723
3831,0.0929536912247105
